request_id,created_at,closed_at,status,priority,category,subcategory,location,team,owner,channel,sla_hours,resolution_hours,reopened,satisfaction_score,last_updated_at,source_system
SR-100013,2026-04-27T07:44:31.139923Z,2026-04-30T23:34:24.881302Z,Closed,Normal,Delivery & Fulfillment,Late delivery,Central Service Center,Customer Care,K. Johnson,Phone,48,87.83,Yes,,2026-04-30T23:34:24.881302Z,Field App
SR-100009,2026-04-27T08:38:40.439014Z,2026-04-28T15:53:33.632356Z,Closed,High,Delivery & Fulfillment,Address correction,West Service Center,Customer Care,K. Johnson,Phone,16,31.25,No,,2026-04-28T15:53:33.632356Z,Service Portal
SR-100008,2026-04-27T09:05:41.234500Z,2026-04-27T15:22:14.060649Z,Closed,Critical,General Inquiry,Feedback,South Service Center,Customer Care,B. Martin,Walk-in,4,6.28,No,3,2026-04-27T15:22:14.060649Z,Service Portal
SR-100011,2026-04-27T09:45:50.568689Z,2026-04-27T16:17:27.674660Z,Closed,Critical,General Inquiry,Status request,South Service Center,Customer Care,E. Thompson,Mobile,4,6.53,No,4,2026-04-27T16:17:27.674660Z,Service Portal
SR-100001,2026-04-27T11:11:40.023225Z,2026-04-28T22:43:53.238808Z,Closed,High,Equipment & Maintenance,Replacement request,South Service Center,Field Operations,V. Hall,Web,16,35.54,No,,2026-04-28T22:43:53.238808Z,Service Portal
SR-100005,2026-04-27T11:19:39.596067Z,2026-04-29T13:44:56.120342Z,Closed,Normal,Delivery & Fulfillment,Late delivery,South Service Center,Customer Care,D. Wilson,Web,48,50.42,No,4,2026-04-29T13:44:56.120342Z,Service Portal
SR-100003,2026-04-27T11:59:11.741804Z,2026-04-28T05:12:42.328345Z,Closed,Normal,Account Access,Identity verification,Remote,Technical Support,A. Patel,Web,48,17.23,No,4,2026-04-28T05:12:42.328345Z,Service Portal
SR-100012,2026-04-27T13:41:02.271857Z,2026-04-30T01:19:32.853342Z,Closed,Normal,Delivery & Fulfillment,Damaged item,South Service Center,Customer Care,K. Johnson,Web,48,59.64,No,4,2026-04-30T01:19:32.853342Z,Service Portal
SR-100010,2026-04-27T17:49:26.551892Z,2026-04-29T06:42:03.783908Z,Closed,Normal,Permit & Compliance,Documentation review,West Service Center,Compliance Services,O. Scott,Web,48,36.88,No,5,2026-04-29T06:42:03.783908Z,Service Portal
SR-100006,2026-04-27T18:42:09.991723Z,2026-05-02T16:39:33.908629Z,Closed,Normal,Equipment & Maintenance,Replacement request,South Service Center,Field Operations,P. Garcia,Web,48,117.96,Yes,4,2026-05-02T16:39:33.908629Z,Service Portal
SR-100014,2026-04-27T18:49:18.968368Z,2026-04-28T14:04:44.891606Z,Closed,High,Billing & Payments,Refund request,South Service Center,Billing Operations,R. Williams,Web,16,19.26,No,3,2026-04-28T14:04:44.891606Z,Contact Center
SR-100007,2026-04-27T19:04:14.706217Z,2026-04-28T02:50:28.814625Z,Closed,High,Account Access,Permission request,Central Service Center,Technical Support,J. Brooks,Email,16,7.77,No,,2026-04-28T02:50:28.814625Z,Contact Center
SR-100002,2026-04-27T19:47:18.169695Z,2026-05-01T03:20:20.480245Z,Closed,Normal,Permit & Compliance,Policy clarification,Central Service Center,Compliance Services,F. Wright,Phone,48,79.55,Yes,3,2026-05-01T03:20:20.480245Z,Service Portal
SR-100004,2026-04-27T20:28:21.968443Z,2026-04-30T01:11:03.020754Z,Closed,Normal,Delivery & Fulfillment,Late delivery,West Service Center,Customer Care,B. Martin,Web,48,52.71,No,,2026-04-30T01:11:03.020754Z,Service Portal
SR-100017,2026-04-28T07:34:08.231522Z,2026-04-29T10:15:30.182942Z,Closed,Low,Billing & Payments,Payment failure,Central Service Center,Billing Operations,T. Nguyen,Web,96,26.69,No,3,2026-04-29T10:15:30.182942Z,Service Portal
SR-100023,2026-04-28T10:09:31.501146Z,2026-04-30T07:58:29.632755Z,Closed,Normal,Billing & Payments,Payment failure,Central Service Center,Billing Operations,R. Williams,Web,48,45.82,No,,2026-04-30T07:58:29.632755Z,Contact Center
SR-100019,2026-04-28T11:50:39.242478Z,2026-04-28T08:50:39.242478Z,Closed,Low,General Inquiry,Service information,South Service Center,Customer Care,B. Martin,Email,96,-3,Yes,4,2026-04-29T07:06:23.818843Z,Service Portal
SR-100015,2026-04-28T13:55:38.417736Z,2026-04-30T15:14:12.825966Z,Closed,Low,Delivery & Fulfillment,Late delivery,Remote,Customer Care,K. Johnson,Phone,96,49.31,Yes,,2026-04-30T15:14:12.825966Z,Field App
SR-100022,2026-04-28T17:00:59.198620Z,2026-04-30T01:40:31.914372Z,Closed,High,Permit & Compliance,Policy clarification,Central Service Center,Compliance Services,F. Wright,Email,16,32.66,No,,2026-04-30T01:40:31.914372Z,Service Portal
SR-100020,2026-04-28T17:17:26.475165Z,2026-04-29T00:44:13.344785Z,Closed,Critical,General Inquiry,Service information,South Service Center,Customer Care,B. Martin,Email,4,7.45,No,4,2026-04-29T00:44:13.344785Z,Contact Center
SR-100018,2026-04-28T17:42:25.548652Z,2026-04-30T17:18:24.584783Z,Closed,Normal,Permit & Compliance,Application status,Remote,Compliance Services,G. Baker,Web,48,47.60,No,,2026-04-30T17:18:24.584783Z,Service Portal
SR-100021,2026-04-28T18:24:17.570199Z,2026-04-29T12:47:31.552704Z,Closed,Low,Account Access,Permission request,South Service Center,Technical Support,A. Patel,Mobile,96,18.39,No,4,2026-04-29T12:47:31.552704Z,Contact Center
SR-100024,2026-04-28T18:36:14.720776Z,2026-04-28T21:58:52.478610Z,Closed,Critical,General Inquiry,Status request,Central Service Center,Customer Care,K. Johnson,Mobile,4,3.38,No,5,2026-04-28T21:58:52.478610Z,Service Portal
SR-100025,2026-04-28T20:48:16.234252Z,2026-05-01T15:48:07.714709Z,Closed,Normal,Equipment & Maintenance,Device repair,Central Service Center,Field Operations,P. Garcia,Web,48,67.00,No,4,2026-05-01T15:48:07.714709Z,Field App
SR-100016,2026-04-28T21:08:53.349335Z,2026-04-29T04:22:13.202576Z,Closed,Critical,Billing & Payments,Refund request,Central Service Center,Billing Operations,T. Nguyen,Email,4,7.22,No,3,2026-04-29T04:22:13.202576Z,Contact Center
SR-100027,2026-04-29T09:18:25.031278Z,2026-05-01T12:07:44.205642Z,Closed,Normal,Permit & Compliance,Documentation review,North Service Center,Compliance Services,O. Scott,Mobile,48,50.82,No,,2026-05-01T12:07:44.205642Z,Service Portal
SR-100028,2026-04-29T10:29:45.443733Z,2026-04-30T12:38:55.056589Z,Closed,Normal,Delivery & Fulfillment,Late delivery,North Service Center,Customer Care,E. Thompson,Web,48,26.15,No,4,2026-04-30T12:38:55.056589Z,Field App
SR-100029,2026-04-29T12:52:13.407767Z,2026-04-30T04:20:39.079995Z,Closed,Normal,Account Access,Identity verification,North Service Center,Technical Support,A. Patel,Email,48,15.47,No,4,2026-04-30T04:20:39.079995Z,Service Portal
SR-100030,2026-04-29T15:19:14.802414Z,2026-05-01T21:32:53.336571Z,Closed,Normal,Equipment & Maintenance,Preventive maintenance,West Service Center,Field Operations,V. Hall,Web,48,54.23,No,4,2026-05-01T21:32:53.336571Z,Service Portal
SR-100026,2026-04-29T17:21:19.659462Z,2026-05-02T02:00:14.583066Z,Closed,Normal,Equipment & Maintenance,Preventive maintenance,West Service Center,Field Operations,H. Clark,Email,48,56.65,No,4,2026-05-02T02:00:14.583066Z,Field App
SR-100040,2026-04-30T07:51:54.171178Z,2026-05-02T23:20:39.560002Z,Closed,Low,Delivery & Fulfillment,Late delivery,Central Service Center,Customer Care,K. Johnson,Web,96,63.48,No,,2026-05-02T23:20:39.560002Z,Contact Center
SR-100037,2026-04-30T08:15:13.388401Z,2026-05-01T10:43:58.174621Z,Closed,Normal,General Inquiry,Status request,North Service Center,Customer Care,K. Johnson,Web,48,26.48,No,,2026-05-01T10:43:58.174621Z,Service Portal
SR-100033,2026-04-30T08:20:58.767550Z,2026-05-01T12:23:04.732356Z,Closed,Normal,Delivery & Fulfillment,Address correction,Central Service Center,Customer Care,E. Thompson,Mobile,48,28.03,No,5,2026-05-01T12:23:04.732356Z,Field App
SR-100041,2026-04-30T09:26:22.306885Z,2026-05-04T18:21:37.146608Z,Closed,Normal,Equipment & Maintenance,Replacement request,North Service Center,Field Operations,H. Clark,Web,48,104.92,No,4,2026-05-04T18:21:37.146608Z,Service Portal
SR-100039,2026-04-30T09:47:03.301032Z,2026-05-01T02:42:48.756543Z,Closed,Normal,General Inquiry,Status request,West Service Center,Customer Care,B. Martin,Email,48,16.93,No,,2026-05-01T02:42:48.756543Z,Contact Center
SR-100038,2026-04-30T11:55:07.391798Z,2026-05-01T08:21:17.434290Z,Closed,Normal,Account Access,Password reset,West Service Center,Technical Support,J. Brooks,Web,48,20.44,Yes,,2026-05-01T08:21:17.434290Z,Service Portal
SR-100035,2026-04-30T14:36:52.930266Z,2026-05-02T02:12:54.663050Z,Closed,Normal,Billing & Payments,Refund request,North Service Center,Billing Operations,L. Moore,Web,48,35.60,No,5,2026-05-02T02:12:54.663050Z,Service Portal
SR-100034,2026-04-30T18:42:00.253837Z,2026-05-01T11:30:44.392893Z,Closed,Low,General Inquiry,Service information,Central Service Center,Customer Care,K. Johnson,Web,96,16.81,No,,2026-05-01T11:30:44.392893Z,Service Portal
SR-100032,2026-04-30T19:10:54.768651Z,2026-05-01T05:08:14.600689Z,Closed,Normal,Account Access,Password reset,North Service Center,Technical Support,S. Rivera,Phone,48,9.96,Yes,4,2026-05-01T05:08:14.600689Z,Contact Center
SR-100036,2026-04-30T20:09:03.872226Z,2026-05-02T04:38:09.356866Z,Closed,High,Permit & Compliance,Application status,Remote,Compliance Services,F. Wright,Mobile,16,32.48,No,4,2026-05-02T04:38:09.356866Z,Contact Center
SR-100031,2026-04-30T20:57:33.436607Z,2026-05-01T05:42:23.347234Z,Closed,Normal,Account Access,Password reset,Central Service Center,Technical Support,S. Rivera,Web,48,8.75,No,,2026-05-01T05:42:23.347234Z,Service Portal
SR-100048,2026-05-01T08:09:20.482551Z,2026-05-01T13:26:54.423518Z,Closed,Critical,Delivery & Fulfillment,Damaged item,Central Service Center,Customer Care,D. Wilson,Mobile,4,5.29,No,3,2026-05-01T13:26:54.423518Z,Contact Center
SR-100045,2026-05-01T09:39:31.297050Z,2026-05-03T14:29:25.275439Z,Closed,Normal,Equipment & Maintenance,Replacement request,Central Service Center,Field Operations,N. Lewis,Phone,48,52.83,No,3,2026-05-03T14:29:25.275439Z,Contact Center
SR-100049,2026-05-01T11:25:51.044216Z,2026-05-01T23:33:20.109594Z,Closed,High,Account Access,Identity verification,North Service Center,Technical Support,S. Rivera,Web,16,12.12,No,4,2026-05-01T23:33:20.109594Z,Service Portal
SR-100050,2026-05-01T12:15:31.642897Z,2026-05-02T09:09:48.786626Z,Closed,High,Billing & Payments,Payment failure,Remote,Billing Operations,L. Moore,Web,16,20.90,Yes,4,2026-05-02T09:09:48.786626Z,Service Portal
SR-100053,2026-05-01T12:17:18.348985Z,2026-05-03T23:04:50.068772Z,Closed,High,Permit & Compliance,Application status,Remote,Compliance Services,I. Adams,Web,16,58.79,No,3,2026-05-03T23:04:50.068772Z,Service Portal
SR-100042,2026-05-01T13:48:42.134153Z,2026-05-02T00:50:42.873850Z,Closed,High,General Inquiry,Feedback,Remote,Customer Care,K. Johnson,Email,16,11.03,No,4,2026-05-02T00:50:42.873850Z,Contact Center
SR-100046,2026-05-01T13:49:14.223416Z,2026-05-02T20:39:45.937013Z,Closed,High,Permit & Compliance,Application status,Remote,Compliance Services,F. Wright,Web,16,30.84,Yes,,2026-05-02T20:39:45.937013Z,Field App
SR-100047,2026-05-01T14:13:34.003241Z,2026-05-04T03:55:18.555621Z,Closed,High,Billing & Payments,Refund request,South Service Center,Billing Operations,R. Williams,Email,16,61.70,No,3,2026-05-04T03:55:18.555621Z,Service Portal
SR-100044,2026-05-01T18:29:50.411202Z,2026-05-03T14:41:06.592457Z,Closed,High,Equipment & Maintenance,Preventive maintenance,South Service Center,Field Operations,H. Clark,Phone,16,44.19,No,4,2026-05-03T14:41:06.592457Z,Service Portal
SR-100043,2026-05-01T20:40:57.018732Z,2026-05-02T03:30:40.195570Z,Closed,Critical,Billing & Payments,Refund request,Central Service Center,Billing Operations,C. Davis,Web,4,6.83,No,,2026-05-02T03:30:40.195570Z,Service Portal
SR-100052,2026-05-01T20:44:24.319645Z,2026-05-03T17:25:55.159894Z,Closed,Normal,Delivery & Fulfillment,Late delivery,North Service Center,Customer Care,D. Wilson,Web,48,44.69,No,3,2026-05-03T17:25:55.159894Z,Contact Center
SR-100051,2026-05-01T21:01:14.369274Z,2026-05-02T16:51:09.083955Z,Closed,Low,Delivery & Fulfillment,Damaged item,Central Service Center,Customer Care,D. Wilson,Walk-in,96,19.83,No,4,2026-05-02T16:51:09.083955Z,Field App
SR-100057,2026-05-02T11:12:02.545701Z,2026-05-02T18:02:49.084252Z,Closed,High,Account Access,Password reset,South Service Center,Technical Support,J. Brooks,Web,16,6.85,No,4,2026-05-02T18:02:49.084252Z,Service Portal
SR-100055,2026-05-02T11:15:36.064429Z,,In Progress,High,Delivery & Fulfillment,Damaged item,North Service Center,Customer Care,E. Thompson,Web,16,,No,,2026-05-04T07:54:21.519397Z,Field App
SR-100063,2026-05-02T11:31:07.769016Z,2026-05-03T20:12:28.101985Z,Closed,Normal,Equipment & Maintenance,Preventive maintenance,Remote,Field Operations,V. Hall,Phone,48,32.69,No,4,2026-05-03T20:12:28.101985Z,Service Portal
SR-100056,2026-05-02T15:21:31.318080Z,2026-05-04T18:20:13.605386Z,Closed,Normal,Delivery & Fulfillment,Late delivery,Central Service Center,Customer Care,E. Thompson,Phone,48,50.98,No,,2026-05-04T18:20:13.605386Z,Contact Center
SR-100060,2026-05-02T16:23:25.733397Z,2026-05-02T23:10:23.737761Z,Closed,Normal,Account Access,Identity verification,Central Service Center,Technical Support,A. Patel,Email,48,6.78,No,4,2026-05-02T23:10:23.737761Z,Service Portal
SR-100061,2026-05-02T17:19:44.156347Z,2026-05-03T10:49:29.463000Z,Closed,High,General Inquiry,Status request,Remote,Customer Care,K. Johnson,Mobile,16,17.50,No,,2026-05-03T10:49:29.463000Z,Service Portal
SR-100058,2026-05-02T17:26:37.996507Z,2026-05-03T01:59:12.646863Z,Closed,Normal,Account Access,Identity verification,West Service Center,Technical Support,M. Chen,Mobile,48,8.54,No,5,2026-05-03T01:59:12.646863Z,Service Portal
SR-100062,2026-05-02T17:59:06.586013Z,2026-05-05T06:36:37.148848Z,Closed,Normal,Equipment & Maintenance,Replacement request,Remote,Field Operations,H. Clark,Phone,48,60.63,No,,2026-05-05T06:36:37.148848Z,Contact Center
SR-100054,2026-05-02T18:35:00.936779Z,2026-05-04T12:18:44.906582Z,Closed,Normal,Delivery & Fulfillment,Late delivery,South Service Center,Customer Care,D. Wilson,Email,48,41.73,No,5,2026-05-04T12:18:44.906582Z,Service Portal
SR-100059,2026-05-02T21:03:10.681413Z,2026-05-03T16:41:46.257928Z,Closed,Normal,Billing & Payments,Payment failure,West Service Center,Billing Operations,C. Davis,Phone,48,19.64,No,4,2026-05-03T16:41:46.257928Z,Service Portal
SR-100070,2026-05-03T14:17:50.812710Z,2026-05-04T14:26:17.437551Z,Closed,Normal,Billing & Payments,Payment failure,Central Service Center,Billing Operations,T. Nguyen,Web,48,24.14,Yes,5,2026-05-04T14:26:17.437551Z,Field App
SR-100064,2026-05-03T14:36:04.339072Z,2026-05-07T02:22:40.539310Z,Closed,Normal,Permit & Compliance,Application status,Central Service Center,Compliance Services,G. Baker,Email,48,83.78,Yes,3,2026-05-07T02:22:40.539310Z,Field App
SR-100068,2026-05-03T14:59:09.428190Z,2026-05-04T16:58:06.686412Z,Closed,High,Equipment & Maintenance,Preventive maintenance,Central Service Center,Field Operations,V. Hall,Phone,16,25.98,Yes,,2026-05-04T16:58:06.686412Z,Service Portal
SR-100071,2026-05-03T17:00:17.133253Z,2026-05-03T20:10:36.007724Z,Closed,High,Account Access,Password reset,Central Service Center,Technical Support,J. Brooks,Web,16,3.17,No,4,2026-05-03T20:10:36.007724Z,Service Portal
SR-100069,2026-05-03T18:27:33.977529Z,2026-05-04T10:04:54.105041Z,Closed,Low,Account Access,Password reset,West Service Center,Technical Support,S. Rivera,Web,96,15.62,No,,2026-05-04T10:04:54.105041Z,Service Portal
SR-100066,2026-05-03T18:55:33.399469Z,2026-05-10T08:56:24.900360Z,Closed,Low,Equipment & Maintenance,Device repair,Remote,Field Operations,P. Garcia,Mobile,96,158.01,No,4,2026-05-10T08:56:24.900360Z,Service Portal
SR-100067,2026-05-03T18:56:14.849468Z,2026-05-08T05:55:21.371150Z,Closed,Low,Delivery & Fulfillment,Late delivery,North Service Center,Customer Care,E. Thompson,Phone,96,106.99,No,4,2026-05-08T05:55:21.371150Z,Contact Center
SR-100065,2026-05-03T19:07:32.204575Z,2026-05-04T02:28:28.892210Z,Closed,Critical,Billing & Payments,Invoice question,North Service Center,Billing Operations,L. Moore,Mobile,4,7.35,No,4,2026-05-04T02:28:28.892210Z,Service Portal
SR-100079,2026-05-04T10:23:44.186745Z,2026-05-07T00:33:45.963467Z,Closed,Normal,Equipment & Maintenance,Replacement request,West Service Center,Field Operations,V. Hall,Web,48,62.17,No,,2026-05-07T00:33:45.963467Z,Field App
SR-100081,2026-05-04T10:57:09.357806Z,2026-05-06T04:32:04.409853Z,Closed,High,Permit & Compliance,Policy clarification,North Service Center,Compliance Services,F. Wright,Web,16,41.58,No,,2026-05-06T04:32:04.409853Z,Service Portal
SR-100080,2026-05-04T11:55:42.934031Z,2026-05-05T15:58:55.106419Z,Closed,Normal,General Inquiry,Feedback,West Service Center,Customer Care,K. Johnson,Mobile,48,28.05,No,,2026-05-05T15:58:55.106419Z,Field App
SR-100074,2026-05-04T13:17:05.252972Z,2026-05-08T03:00:41.419857Z,Closed,Low,Equipment & Maintenance,Preventive maintenance,Remote,Field Operations,P. Garcia,Web,96,85.73,No,4,2026-05-08T03:00:41.419857Z,Contact Center
SR-100083,2026-05-04T14:13:56.522395Z,2026-05-05T16:01:10.501668Z,Closed,Normal,Billing & Payments,Invoice question,West Service Center,Billing Operations,C. Davis,Email,48,25.79,Yes,,2026-05-05T16:01:10.501668Z,Field App
SR-100078,2026-05-04T14:14:12.766328Z,2026-05-06T04:13:28.579809Z,Closed,Low,Billing & Payments,Refund request,Remote,Billing Operations,L. Moore,Web,96,37.99,No,4,2026-05-06T04:13:28.579809Z,Service Portal
SR-100082,2026-05-04T14:30:25.047241Z,2026-05-06T02:11:00.463912Z,Closed,Low,Delivery & Fulfillment,Late delivery,West Service Center,Customer Care,E. Thompson,Web,96,35.68,No,4,2026-05-06T02:11:00.463912Z,Contact Center
SR-100076,2026-05-04T15:17:12.926815Z,2026-05-05T13:54:00.028583Z,Closed,Normal,General Inquiry,Status request,Remote,Customer Care,E. Thompson,Phone,48,22.61,No,4,2026-05-05T13:54:00.028583Z,Contact Center
SR-100077,2026-05-04T15:23:32.712619Z,2026-05-06T04:18:28.312141Z,Closed,Normal,Equipment & Maintenance,Device repair,West Service Center,Field Operations,N. Lewis,Web,48,36.92,No,4,2026-05-06T04:18:28.312141Z,Field App
SR-100075,2026-05-04T19:03:40.183656Z,2026-05-05T14:14:06.363889Z,Closed,Normal,Account Access,Permission request,Remote,Technical Support,S. Rivera,Phone,48,19.17,No,4,2026-05-05T14:14:06.363889Z,Service Portal
SR-100072,2026-05-04T20:09:35.671350Z,2026-05-05T02:25:24.208228Z,Closed,Normal,Account Access,Permission request,North Service Center,Technical Support,J. Brooks,Mobile,48,6.26,No,,2026-05-05T02:25:24.208228Z,Service Portal
SR-100073,2026-05-04T20:19:07.536829Z,2026-05-05T04:41:37.169859Z,Closed,High,General Inquiry,Service information,Remote,Customer Care,K. Johnson,Email,16,8.37,No,4,2026-05-05T04:41:37.169859Z,Service Portal
SR-100100,2026-05-05T09:11:52.894392Z,2026-05-06T20:23:13.518668Z,Closed,Normal,Delivery & Fulfillment,Damaged item,Remote,Customer Care,K. Johnson,Web,48,35.19,Yes,4,2026-05-06T20:23:13.518668Z,Contact Center
SR-100097,2026-05-05T09:36:09.501666Z,2026-05-06T14:48:22.593398Z,Closed,Normal,Delivery & Fulfillment,Late delivery,West Service Center,Customer Care,K. Johnson,Web,48,29.20,No,4,2026-05-06T14:48:22.593398Z,Service Portal
SR-100090,2026-05-05T11:12:15.730939Z,2026-05-06T02:00:54.983755Z,Closed,Normal,General Inquiry,Service information,Central Service Center,Customer Care,K. Johnson,Email,48,14.81,No,5,2026-05-06T02:00:54.983755Z,Contact Center
SR-100084,2026-05-05T12:33:48.412831Z,2026-05-05T20:22:36.893435Z,Closed,High,Account Access,Identity verification,Central Service Center,Technical Support,M. Chen,Web,16,7.81,Yes,,2026-05-05T20:22:36.893435Z,Field App
SR-100092,2026-05-05T13:05:28.288858Z,2026-05-06T10:49:24.083546Z,Closed,Normal,General Inquiry,Service information,Remote,Customer Care,D. Wilson,Mobile,48,21.73,No,5,2026-05-06T10:49:24.083546Z,Service Portal
SR-100087,2026-05-05T13:15:41.277775Z,2026-05-06T02:30:39.663931Z,Closed,Normal,Account Access,Password reset,North Service Center,Technical Support,S. Rivera,Web,48,13.25,No,4,2026-05-06T02:30:39.663931Z,Service Portal
SR-100086,2026-05-05T13:29:03.492218Z,2026-05-10T04:02:03.996206Z,Closed,High,Delivery & Fulfillment,Late delivery,West Service Center,Customer Care,E. Thompson,Email,16,110.55,No,3,2026-05-10T04:02:03.996206Z,Field App
SR-100089,2026-05-05T13:41:15.934824Z,2026-05-09T03:50:26.164173Z,Closed,Normal,Delivery & Fulfillment,Late delivery,South Service Center,Customer Care,B. Martin,Email,48,86.15,No,,2026-05-09T03:50:26.164173Z,Field App
SR-100088,2026-05-05T13:48:28.948737Z,2026-05-05T21:38:06.980015Z,Closed,Low,Account Access,Permission request,Central Service Center,Technical Support,A. Patel,Phone,96,7.83,No,5,2026-05-05T21:38:06.980015Z,Contact Center
SR-100091,2026-05-05T15:37:27.417557Z,2026-05-06T18:43:34.678798Z,Closed,Low,General Inquiry,Status request,South Service Center,Customer Care,D. Wilson,Web,96,27.10,Yes,4,2026-05-06T18:43:34.678798Z,Service Portal
SR-100098,2026-05-05T15:47:29.977933Z,2026-05-07T05:50:59.148355Z,Closed,Normal,Equipment & Maintenance,Preventive maintenance,West Service Center,Field Operations,N. Lewis,Walk-in,48,38.06,No,4,2026-05-07T05:50:59.148355Z,Field App
SR-100094,2026-05-05T17:07:07.570191Z,2026-05-06T14:42:35.849822Z,Closed,Normal,Account Access,Password reset,Central Service Center,Technical Support,M. Chen,Mobile,48,21.59,No,5,2026-05-06T14:42:35.849822Z,Service Portal
SR-100096,2026-05-05T17:08:36.894977Z,2026-05-07T04:58:25.525997Z,Closed,Normal,Billing & Payments,Refund request,Central Service Center,Billing Operations,L. Moore,Phone,48,35.83,No,5,2026-05-07T04:58:25.525997Z,Service Portal
SR-100085,2026-05-05T17:32:51.890633Z,2026-05-07T15:52:27.949586Z,Closed,Normal,Billing & Payments,Invoice question,West Service Center,Billing Operations,R. Williams,Mobile,48,46.33,Yes,4,2026-05-07T15:52:27.949586Z,Service Portal
SR-100099,2026-05-05T18:37:00.644682Z,2026-05-06T12:59:44.193259Z,Closed,Normal,General Inquiry,Feedback,West Service Center,Customer Care,B. Martin,Web,48,18.38,No,5,2026-05-06T12:59:44.193259Z,Service Portal
SR-100093,2026-05-05T19:32:34.227182Z,2026-05-07T00:40:54.745240Z,Closed,High,Billing & Payments,Invoice question,South Service Center,Billing Operations,C. Davis,Email,16,29.14,No,4,2026-05-07T00:40:54.745240Z,Field App
SR-100095,2026-05-05T19:45:26.995354Z,2026-05-07T20:18:48.967659Z,Closed,Normal,Account Access,Password reset,West Service Center,Technical Support,M. Chen,Phone,48,48.56,No,,2026-05-07T20:18:48.967659Z,Service Portal
SR-100102,2026-05-06T10:00:57.406844Z,2026-05-08T19:19:37.253634Z,Closed,High,Delivery & Fulfillment,Damaged item,Central Service Center,Customer Care,K. Johnson,Email,16,57.31,No,7,2026-05-08T19:19:37.253634Z,Service Portal
SR-100107,2026-05-06T11:11:31.974021Z,2026-05-07T20:27:55.987653Z,Closed,Normal,Billing & Payments,Invoice question,South Service Center,Billing Operations,L. Moore,Mobile,48,33.27,No,,2026-05-07T20:27:55.987653Z,Service Portal
SR-100109,2026-05-06T12:31:55.345235Z,2026-05-08T12:46:32.285154Z,Closed,Normal,Permit & Compliance,Documentation review,West Service Center,Compliance Services,F. Wright,Web,48,48.24,No,4,2026-05-08T12:46:32.285154Z,Field App
SR-100105,2026-05-06T13:28:37.520380Z,2026-05-08T23:54:11.798256Z,Closed,Normal,Permit & Compliance,Documentation review,North Service Center,Compliance Services,O. Scott,Web,48,58.43,No,4,2026-05-08T23:54:11.798256Z,Service Portal
SR-100104,2026-05-06T14:54:56.347301Z,2026-05-08T07:38:10.104771Z,Closed,Low,Delivery & Fulfillment,Damaged item,South Service Center,Customer Care,D. Wilson,Email,96,40.72,No,3,2026-05-08T07:38:10.104771Z,Service Portal
SR-100106,2026-05-06T15:17:05.356843Z,2026-05-09T10:23:06.409232Z,Closed,Normal,Equipment & Maintenance,Replacement request,West Service Center,Field Operations,V. Hall,Mobile,48,67.10,No,,2026-05-09T10:23:06.409232Z,Field App
SR-100110,2026-05-06T16:20:12.796910Z,2026-05-08T07:25:22.406214Z,Closed,High,Billing & Payments,Payment failure,North Service Center,Billing Operations,R. Williams,Web,16,39.09,No,4,2026-05-08T07:25:22.406214Z,Service Portal
SR-100108,2026-05-06T16:31:17.567495Z,2026-05-07T21:35:56.068905Z,Closed,High,Billing & Payments,Payment failure,West Service Center,Billing Operations,L. Moore,Phone,16,29.08,No,4,2026-05-07T21:35:56.068905Z,Field App
SR-100103,2026-05-06T16:34:16.684134Z,2026-05-07T00:05:55.321256Z,Closed,Critical,Billing & Payments,Refund request,Remote,Billing Operations,R. Williams,Mobile,4,7.53,No,,2026-05-07T00:05:55.321256Z,Contact Center
SR-100112,2026-05-06T16:50:12.391910Z,2026-05-07T16:12:09.567671Z,Closed,Normal,Billing & Payments,Refund request,North Service Center,Billing Operations,C. Davis,Web,48,23.37,No,5,2026-05-07T16:12:09.567671Z,Service Portal
SR-100101,2026-05-06T16:55:01.170035Z,2026-05-10T03:25:32.602677Z,Closed,Normal,Equipment & Maintenance,Preventive maintenance,North Service Center,Field Operations,P. Garcia,Email,48,82.51,No,4,2026-05-10T03:25:32.602677Z,Field App
SR-100111,2026-05-06T18:25:29.366166Z,2026-05-07T09:34:41.851104Z,Closed,Normal,Account Access,Permission request,West Service Center,Technical Support,M. Chen,Phone,48,15.15,No,4,2026-05-07T09:34:41.851104Z,Service Portal
SR-100124,2026-05-07T08:15:19.745810Z,2026-05-08T09:49:40.277941Z,Closed,Normal,Delivery & Fulfillment,Late delivery,West Service Center,Customer Care,D. Wilson,Mobile,48,25.57,No,5,2026-05-08T09:49:40.277941Z,Service Portal
SR-100113,2026-05-07T09:09:26.605150Z,2026-05-10T15:54:52.097697Z,Closed,Normal,Permit & Compliance,Documentation review,Central Service Center,Compliance Services,I. Adams,Email,48,78.76,No,4,2026-05-10T15:54:52.097697Z,Service Portal
SR-100118,2026-05-07T09:19:02.564900Z,2026-05-10T22:19:36.271378Z,Closed,High,Permit & Compliance,Application status,North Service Center,Compliance Services,O. Scott,Email,16,85.01,No,4,2026-05-10T22:19:36.271378Z,Service Portal
SR-100125,2026-05-07T09:46:04.495760Z,2026-05-08T17:33:27.307331Z,Closed,Normal,Billing & Payments,Invoice question,Central Service Center,Billing Operations,R. Williams,Phone,48,31.79,No,,2026-05-08T17:33:27.307331Z,Contact Center
SR-100119,2026-05-07T10:12:18.608979Z,2026-05-09T07:16:05.587302Z,Closed,Normal,Delivery & Fulfillment,Late delivery,West Service Center,Customer Care,E. Thompson,Web,48,45.06,No,5,2026-05-09T07:16:05.587302Z,Field App
SR-100123,2026-05-07T10:14:32.905817Z,2026-05-08T04:01:14.614383Z,Closed,Normal,Account Access,Identity verification,North Service Center,Technical Support,J. Brooks,Web,48,17.78,No,5,2026-05-08T04:01:14.614383Z,Field App
SR-100126,2026-05-07T12:48:48.888217Z,2026-05-09T19:13:45.724888Z,Closed,Low,Delivery & Fulfillment,Address correction,North Service Center,Customer Care,B. Martin,Email,96,54.42,No,4,2026-05-09T19:13:45.724888Z,Contact Center
SR-100116,2026-05-07T13:20:48.277896Z,2026-05-08T17:52:51.062254Z,Closed,Normal,General Inquiry,Service information,North Service Center,Customer Care,D. Wilson,Email,48,28.53,No,4,2026-05-08T17:52:51.062254Z,Service Portal
SR-100120,2026-05-07T14:02:44.633279Z,2026-05-08T15:18:04.968059Z,Closed,Normal,Account Access,Identity verification,Central Service Center,Technical Support,A. Patel,Web,48,25.26,No,4,2026-05-08T15:18:04.968059Z,Contact Center
SR-100114,2026-05-07T14:27:31.326727Z,2026-05-08T04:05:34.292454Z,Closed,Normal,Account Access,Password reset,South Service Center,Technical Support,A. Patel,Web,48,13.63,No,5,2026-05-08T04:05:34.292454Z,Service Portal
SR-100122,2026-05-07T17:50:12.637767Z,2026-05-10T07:51:13.731561Z,Closed,Normal,Permit & Compliance,Policy clarification,South Service Center,Compliance Services,O. Scott,Mobile,48,62.02,No,4,2026-05-10T07:51:13.731561Z,Contact Center
SR-100117,2026-05-07T19:07:45.415898Z,2026-05-10T04:28:31.901013Z,Closed,Normal,Permit & Compliance,Documentation review,South Service Center,Compliance Services,O. Scott,Web,48,57.35,No,3,2026-05-10T04:28:31.901013Z,Service Portal
SR-100121,2026-05-07T19:43:12.802777Z,2026-05-08T02:03:39.946047Z,Closed,Normal,Account Access,Password reset,West Service Center,Technical Support,S. Rivera,Web,48,6.34,No,4,2026-05-08T02:03:39.946047Z,Field App
SR-100115,2026-05-07T20:40:50.756230Z,2026-05-09T07:44:43.381588Z,Closed,Normal,Delivery & Fulfillment,Late delivery,Central Service Center,Customer Care,K. Johnson,Phone,48,35.06,No,,2026-05-09T07:44:43.381588Z,Field App
SR-100131,2026-05-08T08:23:54.912348Z,2026-05-10T10:28:52.747071Z,Closed,Low,Permit & Compliance,Documentation review,South Service Center,Compliance Services,I. Adams,Mobile,96,50.08,No,4,2026-05-10T10:28:52.747071Z,Contact Center
SR-100134,2026-05-08T08:39:59.933902Z,2026-05-08T16:53:57.431069Z,Closed,Normal,Account Access,Permission request,West Service Center,Technical Support,A. Patel,Email,48,8.23,No,5,2026-05-08T16:53:57.431069Z,Service Portal
SR-100133,2026-05-08T08:51:59.231171Z,2026-05-08T18:03:59.578969Z,Closed,High,General Inquiry,Feedback,North Service Center,Customer Care,E. Thompson,Phone,16,9.20,No,5,2026-05-08T18:03:59.578969Z,Service Portal
SR-100128,2026-05-08T11:14:55.261294Z,2026-05-09T17:25:24.124646Z,Closed,High,Permit & Compliance,Documentation review,Remote,Compliance Services,G. Baker,Web,16,30.17,No,4,2026-05-09T17:25:24.124646Z,Service Portal
SR-100132,2026-05-08T11:35:17.628440Z,2026-05-11T12:48:50.604738Z,Closed,Normal,Equipment & Maintenance,Replacement request,Remote,Field Operations,P. Garcia,Email,48,73.23,No,3,2026-05-11T12:48:50.604738Z,Contact Center
SR-100137,2026-05-08T11:44:44.116731Z,2026-05-08T15:53:00.443412Z,Closed,High,General Inquiry,Feedback,Remote,Customer Care,B. Martin,Mobile,16,4.14,No,4,2026-05-08T15:53:00.443412Z,Service Portal
SR-100130,2026-05-08T12:09:50.089832Z,2026-05-10T13:55:51.959954Z,Closed,Normal,Equipment & Maintenance,Replacement request,West Service Center,Field Operations,H. Clark,Email,48,49.77,No,3,2026-05-10T13:55:51.959954Z,Field App
SR-100138,2026-05-08T12:46:40.128865Z,2026-05-10T07:48:50.368365Z,Closed,Low,Delivery & Fulfillment,Late delivery,South Service Center,Customer Care,B. Martin,Web,96,43.04,No,4,2026-05-10T07:48:50.368365Z,Contact Center
SR-100135,2026-05-08T14:00:55.711408Z,2026-05-09T08:46:54.061885Z,Closed,Normal,Billing & Payments,Invoice question,Remote,Billing Operations,R. Williams,Phone,48,18.77,No,5,2026-05-09T08:46:54.061885Z,Service Portal
SR-100127,2026-05-08T15:15:59.917759Z,2026-05-09T03:26:04.864846Z,Closed,Normal,General Inquiry,Service information,North Service Center,Customer Care,K. Johnson,Phone,48,12.17,No,4,2026-05-09T03:26:04.864846Z,Service Portal
SR-100129,2026-05-08T15:56:11.980991Z,2026-05-09T09:06:09.802979Z,Closed,Normal,General Inquiry,Feedback,South Service Center,Customer Care,B. Martin,Web,48,17.17,No,4,2026-05-09T09:06:09.802979Z,Contact Center
SR-100139,2026-05-08T20:06:47.360535Z,2026-05-09T15:33:37.677934Z,Closed,Normal,Permit & Compliance,Policy clarification,Central Service Center,Compliance Services,F. Wright,Walk-in,48,19.45,Yes,3,2026-05-09T15:33:37.677934Z,Service Portal
SR-100136,2026-05-08T20:10:37.206146Z,2026-05-10T05:42:51.186826Z,Closed,Normal,Billing & Payments,Refund request,Remote,Billing Operations,T. Nguyen,Web,48,33.54,No,,2026-05-10T05:42:51.186826Z,Field App
SR-100147,2026-05-09T08:43:30.290006Z,2026-05-10T01:08:54.452795Z,Closed,High,Billing & Payments,Payment failure,North Service Center,Billing Operations,T. Nguyen,Mobile,16,16.42,No,4,2026-05-10T01:08:54.452795Z,Field App
SR-100151,2026-05-09T11:55:51.873551Z,2026-05-10T04:06:39.800325Z,Closed,Normal,Account Access,Identity verification,West Service Center,Technical Support,M. Chen,Phone,48,16.18,No,4,2026-05-10T04:06:39.800325Z,Service Portal
SR-100145,2026-05-09T12:50:55.545534Z,2026-05-10T21:58:24.652289Z,Closed,Normal,General Inquiry,Service information,South Service Center,Customer Care,D. Wilson,Web,48,33.12,No,5,2026-05-10T21:58:24.652289Z,Field App
SR-100143,2026-05-09T14:23:05.071322Z,2026-05-10T06:34:23.216913Z,Closed,Normal,Account Access,Permission request,Remote,Technical Support,A. Patel,Web,48,16.19,No,5,2026-05-10T06:34:23.216913Z,Service Portal
SR-100146,2026-05-09T14:44:05.802773Z,2026-05-10T15:00:52.983754Z,Closed,Normal,Account Access,Password reset,North Service Center,Technical Support,A. Patel,Mobile,48,24.28,No,3,2026-05-10T15:00:52.983754Z,Service Portal
SR-100149,2026-05-09T14:50:07.032831Z,2026-05-10T06:11:08.489004Z,Closed,Normal,Account Access,Identity verification,Central Service Center,Technical Support,M. Chen,Web,48,15.35,No,,2026-05-10T06:11:08.489004Z,Service Portal
SR-100142,2026-05-09T15:57:18.375833Z,2026-05-10T03:16:21.377180Z,Closed,Normal,Account Access,Identity verification,South Service Center,Technical Support,M. Chen,Walk-in,48,11.32,No,,2026-05-10T03:16:21.377180Z,Service Portal
SR-100148,2026-05-09T16:18:01.639759Z,2026-05-13T13:06:38.380838Z,Closed,Low,Permit & Compliance,Policy clarification,South Service Center,Compliance Services,I. Adams,Mobile,96,92.81,No,3,2026-05-13T13:06:38.380838Z,Service Portal
SR-100144,2026-05-09T16:32:29.100897Z,2026-05-11T21:15:07.263782Z,Closed,Normal,Delivery & Fulfillment,Address correction,South Service Center,Customer Care,B. Martin,Phone,48,52.71,No,4,2026-05-11T21:15:07.263782Z,Contact Center
SR-100141,2026-05-09T17:42:01.434455Z,2026-05-10T18:43:19.248141Z,Closed,Normal,General Inquiry,Feedback,South Service Center,,E. Thompson,Web,48,25.02,No,5,2026-05-10T18:43:19.248141Z,Service Portal
SR-100140,2026-05-09T18:00:53.627597Z,2026-05-11T17:34:20.986934Z,Closed,Normal,Account Access,Password reset,,Technical Support,S. Rivera,Phone,48,47.56,No,4,2026-05-11T17:34:20.986934Z,Field App
SR-100150,2026-05-09T18:48:12.922060Z,2026-05-11T19:01:37.385462Z,Closed,High,Permit & Compliance,Application status,South Service Center,Compliance Services,O. Scott,Mobile,16,48.22,No,3,2026-05-11T19:01:37.385462Z,Field App
SR-100152,2026-05-09T20:35:21.660985Z,2026-05-10T04:27:19.033062Z,Closed,Normal,Account Access,Password reset,West Service Center,Technical Support,J. Brooks,Web,48,7.87,No,4,2026-05-10T04:27:19.033062Z,Service Portal
SR-100158,2026-05-10T08:30:03.272714Z,2026-05-12T05:46:29.144186Z,Closed,Normal,Delivery & Fulfillment,Address correction,South Service Center,Customer Care,B. Martin,Web,48,45.27,No,,2026-05-12T05:46:29.144186Z,Service Portal
SR-100156,2026-05-10T12:08:35.736051Z,2026-05-11T02:57:13.827774Z,Closed,Normal,General Inquiry,Feedback,Central Service Center,Customer Care,B. Martin,Web,48,14.81,No,5,2026-05-11T02:57:13.827774Z,Service Portal
SR-100154,2026-05-10T13:09:27.204396Z,2026-05-14T06:29:44.098168Z,Closed,Normal,Equipment & Maintenance,Replacement request,North Service Center,Field Operations,V. Hall,Phone,48,89.34,No,4,2026-05-14T06:29:44.098168Z,Service Portal
SR-100155,2026-05-10T14:10:00.993792Z,2026-05-12T20:05:30.837728Z,Closed,Normal,Equipment & Maintenance,Preventive maintenance,Central Service Center,Field Operations,N. Lewis,Phone,48,53.92,Yes,4,2026-05-12T20:05:30.837728Z,Service Portal
SR-100157,2026-05-10T17:39:19.972766Z,2026-05-13T21:33:53.558646Z,Closed,High,Delivery & Fulfillment,Damaged item,Remote,Customer Care,E. Thompson,Phone,16,75.91,No,,2026-05-13T21:33:53.558646Z,Contact Center
SR-100153,2026-05-10T19:45:38.971307Z,2026-05-11T22:21:15.022118Z,Closed,Normal,Billing & Payments,Refund request,Central Service Center,,R. Williams,Email,48,26.59,No,3,2026-05-11T22:21:15.022118Z,Contact Center
SR-100166,2026-05-11T08:05:44.058607Z,2026-05-11T23:45:13.935612Z,Closed,High,Account Access,Password reset,West Service Center,Technical Support,A. Patel,Web,16,15.66,No,5,2026-05-11T23:45:13.935612Z,Service Portal
SR-100162,2026-05-11T09:43:33.352743Z,2026-05-11T13:18:25.218480Z,Closed,Critical,General Inquiry,Service information,Central Service Center,Customer Care,E. Thompson,Phone,4,3.58,No,,2026-05-11T13:18:25.218480Z,Service Portal
SR-100163,2026-05-11T09:47:42.552130Z,2026-05-14T19:51:25.779689Z,Closed,Low,Permit & Compliance,Policy clarification,South Service Center,Compliance Services,I. Adams,Web,96,82.06,No,3,2026-05-14T19:51:25.779689Z,Field App
SR-100165,2026-05-11T10:47:21.594003Z,2026-05-12T14:02:36.820854Z,Closed,Normal,Billing & Payments,Invoice question,South Service Center,Billing Operations,C. Davis,Mobile,48,27.25,No,5,2026-05-12T14:02:36.820854Z,Service Portal
SR-100170,2026-05-11T11:35:00.184650Z,2026-05-13T10:27:12.820092Z,Closed,Normal,Equipment & Maintenance,Preventive maintenance,Central Service Center,Field Operations,H. Clark,Email,48,46.87,No,,2026-05-13T10:27:12.820092Z,Service Portal
SR-100174,2026-05-11T13:07:42.607067Z,2026-05-11T19:11:00.327548Z,Closed,High,Account Access,Identity verification,North Service Center,Technical Support,J. Brooks,Web,16,6.05,No,3,2026-05-11T19:11:00.327548Z,Service Portal
SR-100167,2026-05-11T14:07:56.318408Z,2026-05-12T07:59:52.579371Z,Closed,Normal,Account Access,Identity verification,West Service Center,Technical Support,A. Patel,Phone,48,17.87,No,4,2026-05-12T07:59:52.579371Z,Service Portal
SR-100159,2026-05-11T14:58:42.596173Z,2026-05-13T07:08:30.981024Z,Closed,Normal,Billing & Payments,Payment failure,West Service Center,Billing Operations,L. Moore,Phone,48,40.16,No,4,2026-05-13T07:08:30.981024Z,Contact Center
SR-100172,2026-05-11T15:50:09.807493Z,2026-05-12T15:47:12.513208Z,Closed,High,Billing & Payments,Refund request,West Service Center,Billing Operations,L. Moore,Phone,16,23.95,No,4,2026-05-12T15:47:12.513208Z,Service Portal
SR-100164,2026-05-11T16:33:42.298811Z,2026-05-12T07:14:12.144482Z,Closed,Normal,Account Access,Permission request,South Service Center,Technical Support,J. Brooks,Email,48,14.67,No,4,2026-05-12T07:14:12.144482Z,Service Portal
SR-100173,2026-05-11T17:39:14.978568Z,2026-05-12T16:59:45.707495Z,Closed,High,Delivery & Fulfillment,Late delivery,Central Service Center,Customer Care,E. Thompson,Mobile,16,23.34,No,2,2026-05-12T16:59:45.707495Z,Field App
SR-100169,2026-05-11T17:59:59.899155Z,2026-05-12T02:52:54.795622Z,Closed,High,Billing & Payments,Refund request,South Service Center,Billing Operations,C. Davis,Mobile,16,8.88,No,5,2026-05-12T02:52:54.795622Z,Field App
SR-100168,2026-05-11T19:52:45.232690Z,2026-05-13T21:29:46.595841Z,Closed,Normal,Permit & Compliance,Policy clarification,Remote,Compliance Services,F. Wright,Phone,48,49.62,No,2,2026-05-13T21:29:46.595841Z,Service Portal
SR-100160,2026-05-11T20:20:45.211363Z,2026-05-13T15:41:18.026429Z,Closed,Normal,Delivery & Fulfillment,Address correction,Central Service Center,Customer Care,B. Martin,Web,48,43.34,No,5,2026-05-13T15:41:18.026429Z,Service Portal
SR-100171,2026-05-11T20:58:12.366126Z,2026-05-14T19:26:10.081252Z,Closed,Normal,Equipment & Maintenance,Replacement request,North Service Center,Field Operations,N. Lewis,Web,48,70.47,No,4,2026-05-14T19:26:10.081252Z,Contact Center
SR-100161,2026-05-11T21:08:45.779063Z,2026-05-16T19:45:01.020897Z,Closed,Low,Equipment & Maintenance,Device repair,South Service Center,Field Operations,P. Garcia,Phone,96,118.60,No,,2026-05-16T19:45:01.020897Z,Field App
SR-100186,2026-05-12T07:53:52.239418Z,2026-05-15T12:47:24.049669Z,Closed,Normal,Equipment & Maintenance,Device repair,Central Service Center,Field Operations,V. Hall,Email,48,76.89,No,4,2026-05-15T12:47:24.049669Z,Service Portal
SR-100180,2026-05-12T08:12:26.102280Z,2026-05-13T07:22:00.125463Z,Closed,High,General Inquiry,Status request,South Service Center,Customer Care,K. Johnson,Email,16,23.16,No,4,2026-05-13T07:22:00.125463Z,Contact Center
SR-100187,2026-05-12T10:47:34.157962Z,2026-05-12T23:03:53.470650Z,Closed,Normal,Account Access,Permission request,West Service Center,Technical Support,J. Brooks,Mobile,48,12.27,No,,2026-05-12T23:03:53.470650Z,Field App
SR-100175,2026-05-12T11:48:10.676920Z,2026-05-17T03:53:23.955055Z,Closed,Normal,Equipment & Maintenance,Preventive maintenance,Central Service Center,Field Operations,H. Clark,Web,48,112.09,Yes,,2026-05-17T03:53:23.955055Z,Service Portal
SR-100176,2026-05-12T12:26:51.478047Z,2026-05-13T11:57:45.899733Z,Closed,High,Account Access,Password reset,Central Service Center,Technical Support,S. Rivera,Web,16,23.52,No,4,2026-05-13T11:57:45.899733Z,Service Portal
SR-100183,2026-05-12T13:20:10.271328Z,2026-05-15T17:12:30.647791Z,Closed,Normal,Equipment & Maintenance,Device repair,West Service Center,Field Operations,N. Lewis,Web,48,75.87,No,4,2026-05-15T17:12:30.647791Z,Service Portal
SR-100182,2026-05-12T13:42:35.906437Z,2026-05-16T02:33:39.383222Z,Closed,Low,Permit & Compliance,Policy clarification,Central Service Center,Compliance Services,I. Adams,Web,96,84.85,No,5,2026-05-16T02:33:39.383222Z,Field App
SR-100184,2026-05-12T13:55:26.422894Z,2026-05-13T00:16:34.403929Z,Closed,Normal,General Inquiry,Status request,North Service Center,Customer Care,E. Thompson,Mobile,48,10.35,No,5,2026-05-13T00:16:34.403929Z,Contact Center
SR-100185,2026-05-12T14:59:11.208067Z,2026-05-15T15:54:54.776643Z,Closed,Normal,Permit & Compliance,Policy clarification,West Service Center,Compliance Services,O. Scott,Phone,48,72.93,No,3,2026-05-15T15:54:54.776643Z,Field App
SR-100179,2026-05-12T14:59:25.631230Z,2026-05-14T09:51:27.336348Z,Closed,Low,Delivery & Fulfillment,Late delivery,South Service Center,Customer Care,D. Wilson,Email,96,42.87,No,4,2026-05-14T09:51:27.336348Z,Field App
SR-100177,2026-05-12T16:44:28.584555Z,2026-05-13T18:36:14.342199Z,Closed,High,Billing & Payments,Refund request,South Service Center,Billing Operations,C. Davis,Web,16,25.86,No,4,2026-05-13T18:36:14.342199Z,Service Portal
SR-100178,2026-05-12T18:47:50.491400Z,2026-05-14T23:13:03.611843Z,Closed,Normal,Equipment & Maintenance,Device repair,Central Service Center,Field Operations,H. Clark,Email,48,52.42,No,4,2026-05-14T23:13:03.611843Z,Service Portal
SR-100181,2026-05-12T20:29:02.316798Z,2026-05-13T20:49:01.201392Z,Closed,High,Account Access,Identity verification,North Service Center,Technical Support,M. Chen,Phone,16,24.33,No,,2026-05-13T20:49:01.201392Z,Service Portal
SR-100189,2026-05-13T08:16:11.226611Z,2026-05-14T23:44:47.871936Z,Closed,Normal,Billing & Payments,Payment failure,Central Service Center,Billing Operations,L. Moore,Web,48,39.48,No,,2026-05-14T23:44:47.871936Z,Contact Center
SR-100188,2026-05-13T12:18:54.672138Z,2026-05-14T16:20:40.299540Z,Closed,Normal,Account Access,Identity verification,Central Service Center,Technical Support,M. Chen,Phone,48,28.03,Yes,4,2026-05-14T16:20:40.299540Z,Field App
SR-100194,2026-05-13T13:23:16.019635Z,2026-05-13T23:49:52.822874Z,Closed,Low,Account Access,Password reset,Remote,Technical Support,S. Rivera,Phone,96,10.44,No,5,2026-05-13T23:49:52.822874Z,Service Portal
SR-100198,2026-05-13T13:28:28.294956Z,2026-05-14T04:52:25.489038Z,Closed,High,General Inquiry,Service information,South Service Center,Customer Care,K. Johnson,Email,16,15.40,No,4,2026-05-14T04:52:25.489038Z,Service Portal
SR-100195,2026-05-13T14:10:41.068540Z,2026-05-16T10:17:26.709707Z,Closed,Normal,Equipment & Maintenance,Preventive maintenance,North Service Center,Field Operations,P. Garcia,Mobile,48,68.11,No,,2026-05-16T10:17:26.709707Z,Service Portal
SR-100191,2026-05-13T14:15:58.518297Z,2026-05-17T13:21:27.068125Z,Closed,High,Permit & Compliance,Application status,Remote,Compliance Services,F. Wright,Web,16,95.09,No,3,2026-05-17T13:21:27.068125Z,Contact Center
SR-100197,2026-05-13T14:58:31.354618Z,2026-05-17T06:00:08.375537Z,Closed,Normal,Permit & Compliance,Policy clarification,West Service Center,Compliance Services,I. Adams,Email,48,87.03,No,4,2026-05-17T06:00:08.375537Z,Contact Center
SR-100196,2026-05-13T17:11:53.961944Z,2026-05-14T21:45:39.600672Z,Closed,High,Equipment & Maintenance,Device repair,Remote,Field Operations,N. Lewis,Mobile,16,28.56,No,,2026-05-14T21:45:39.600672Z,Service Portal
SR-100192,2026-05-13T17:58:45.106267Z,2026-05-16T20:04:50.738409Z,Closed,Normal,Delivery & Fulfillment,Late delivery,Remote,Customer Care,D. Wilson,Web,48,74.10,No,,2026-05-16T20:04:50.738409Z,Contact Center
SR-100193,2026-05-13T18:46:45.222189Z,2026-05-14T21:30:58.269802Z,Closed,Normal,Account Access,Password reset,South Service Center,Technical Support,J. Brooks,Email,48,26.74,No,4,2026-05-14T21:30:58.269802Z,Contact Center
SR-100190,2026-05-13T20:39:03.298927Z,2026-05-14T18:59:53.566277Z,Closed,Normal,General Inquiry,Status request,South Service Center,Customer Care,K. Johnson,Web,48,22.35,No,4,2026-05-14T18:59:53.566277Z,Contact Center
SR-100202,2026-05-14T07:58:31.909352Z,2026-05-17T02:13:55.852672Z,Closed,Low,Equipment & Maintenance,Device repair,Remote,Field Operations,V. Hall,Web,96,66.26,No,5,2026-05-17T02:13:55.852672Z,Service Portal
SR-100210,2026-05-14T09:30:38.243455Z,2026-05-15T14:46:42.574255Z,Closed,Low,General Inquiry,Service information,South Service Center,Customer Care,D. Wilson,Mobile,96,29.27,No,5,2026-05-15T14:46:42.574255Z,Contact Center
SR-100207,2026-05-14T09:49:03.068354Z,2026-05-16T08:31:29.926914Z,Closed,High,Billing & Payments,Invoice question,Central Service Center,Billing Operations,L. Moore,Phone,16,46.71,No,4,2026-05-16T08:31:29.926914Z,Service Portal
SR-100199,2026-05-14T12:21:56.676834Z,2026-05-17T15:39:01.474301Z,Closed,Normal,Delivery & Fulfillment,Late delivery,South Service Center,Customer Care,D. Wilson,Phone,48,75.28,No,4,2026-05-17T15:39:01.474301Z,Service Portal
SR-100199,2026-05-14T12:21:56.676834Z,2026-05-17T15:39:01.474301Z,Closed,Normal,Delivery & Fulfillment,Late delivery,South Service Center,Customer Care,D. Wilson,Phone,48,75.28,No,4,2026-08-23T06:14:50.948184Z,Service Portal
SR-100203,2026-05-14T12:33:26.694248Z,2026-05-15T15:16:09.049726Z,Closed,Low,Equipment & Maintenance,Device repair,Remote,Field Operations,V. Hall,Web,96,26.71,No,5,2026-05-15T15:16:09.049726Z,Contact Center
SR-100206,2026-05-14T13:13:02.870148Z,2026-05-16T10:45:58.157147Z,Closed,Normal,Permit & Compliance,Policy clarification,Central Service Center,Compliance Services,I. Adams,Mobile,48,45.55,No,,2026-05-16T10:45:58.157147Z,Contact Center
SR-100209,2026-05-14T14:03:47.275809Z,2026-05-14T19:05:19.983652Z,Closed,High,Account Access,Permission request,Central Service Center,Technical Support,M. Chen,Web,16,5.03,No,,2026-05-14T19:05:19.983652Z,Service Portal
SR-100208,2026-05-14T16:00:18.328370Z,2026-05-16T05:47:41.939253Z,Closed,Normal,Equipment & Maintenance,Preventive maintenance,North Service Center,Field Operations,V. Hall,Email,48,37.79,No,,2026-05-16T05:47:41.939253Z,Contact Center
SR-100201,2026-05-14T16:51:29.262345Z,2026-05-17T14:46:13.109197Z,Closed,Normal,Delivery & Fulfillment,Address correction,West Service Center,Customer Care,K. Johnson,Mobile,48,69.91,No,5,2026-05-17T14:46:13.109197Z,Service Portal
SR-100211,2026-05-14T16:58:15.924900Z,2026-05-18T18:16:50.454772Z,Closed,Low,Equipment & Maintenance,Replacement request,North Service Center,Field Operations,H. Clark,Web,96,97.31,No,,2026-05-18T18:16:50.454772Z,Service Portal
SR-100200,2026-05-14T17:57:57.855074Z,2026-05-16T01:05:55.510028Z,Closed,Normal,Billing & Payments,Payment failure,West Service Center,Billing Operations,R. Williams,Mobile,48,31.13,No,4,2026-05-16T01:05:55.510028Z,Contact Center
SR-100204,2026-05-14T19:49:02.621573Z,2026-05-15T08:47:26.439981Z,Closed,Normal,General Inquiry,Status request,North Service Center,Customer Care,E. Thompson,Email,48,12.97,No,4,2026-05-15T08:47:26.439981Z,Service Portal
SR-100205,2026-05-14T19:57:18.553758Z,2026-05-18T01:12:59.546645Z,Closed,Normal,Equipment & Maintenance,Replacement request,South Service Center,Field Operations,N. Lewis,Web,48,77.26,No,4,2026-05-18T01:12:59.546645Z,Service Portal
SR-100212,2026-05-15T07:43:34.046050Z,2026-05-17T09:26:02.113710Z,Closed,Low,Delivery & Fulfillment,Damaged item,,Customer Care,D. Wilson,Web,96,49.71,No,4,2026-05-17T09:26:02.113710Z,Service Portal
SR-100222,2026-05-15T09:47:43.144728Z,2026-05-17T17:56:39.723501Z,Closed,Normal,Delivery & Fulfillment,Damaged item,Central Service Center,Customer Care,K. Johnson,Web,48,56.15,No,3,2026-05-17T17:56:39.723501Z,Contact Center
SR-100217,2026-05-15T10:40:14.913039Z,2026-05-15T14:47:02.882944Z,Closed,High,General Inquiry,Feedback,West Service Center,Customer Care,B. Martin,Walk-in,16,4.11,No,4,2026-05-15T14:47:02.882944Z,Service Portal
SR-100221,2026-05-15T11:15:41.876301Z,2026-05-21T06:32:14.316413Z,Closed,Normal,Permit & Compliance,Policy clarification,Remote,Compliance Services,I. Adams,Walk-in,48,139.28,No,,2026-05-21T06:32:14.316413Z,Service Portal
SR-100219,2026-05-15T12:49:49.345607Z,2026-05-17T17:45:46.649030Z,Closed,Low,Billing & Payments,Invoice question,North Service Center,Billing Operations,R. Williams,Web,96,52.93,No,5,2026-05-17T17:45:46.649030Z,Service Portal
SR-100216,2026-05-15T13:58:37.020568Z,2026-05-17T07:10:52.042599Z,Closed,Normal,Equipment & Maintenance,Preventive maintenance,Central Service Center,Field Operations,H. Clark,Mobile,48,41.20,Yes,7,2026-05-17T07:10:52.042599Z,Contact Center
SR-100213,2026-05-15T14:12:27.001028Z,2026-05-16T13:48:32.077012Z,Closed,Normal,Account Access,Password reset,South Service Center,Technical Support,J. Brooks,Web,48,23.60,No,4,2026-05-16T13:48:32.077012Z,Service Portal
SR-100220,2026-05-15T14:55:56.122848Z,2026-05-19T04:56:37.957871Z,Closed,Normal,Equipment & Maintenance,Device repair,Central Service Center,Field Operations,P. Garcia,Web,48,86.01,No,4,2026-05-19T04:56:37.957871Z,Contact Center
SR-100223,2026-05-15T15:18:38.415801Z,2026-05-17T09:29:40.919336Z,Closed,Normal,Permit & Compliance,Documentation review,North Service Center,Compliance Services,F. Wright,Mobile,48,42.18,No,,2026-05-17T09:29:40.919336Z,Service Portal
SR-100215,2026-05-15T15:26:02.118911Z,2026-05-16T15:09:31.739998Z,Closed,High,General Inquiry,Feedback,Remote,Customer Care,E. Thompson,Walk-in,16,23.72,No,3,2026-05-16T15:09:31.739998Z,Service Portal
SR-100214,2026-05-15T18:32:14.856657Z,2026-05-18T15:48:25.119965Z,Closed,High,Equipment & Maintenance,Replacement request,West Service Center,Field Operations,V. Hall,Mobile,16,69.27,No,2,2026-05-18T15:48:25.119965Z,Service Portal
SR-100218,2026-05-15T21:13:52.005772Z,2026-05-16T11:38:25.963995Z,Closed,Normal,Account Access,Identity verification,Remote,Technical Support,M. Chen,Phone,48,14.41,No,,2026-05-16T11:38:25.963995Z,Service Portal
SR-100230,2026-05-16T09:32:40.741446Z,2026-05-19T14:41:25.690719Z,Closed,Normal,Permit & Compliance,Application status,Remote,Compliance Services,F. Wright,Web,48,77.15,No,4,2026-05-19T14:41:25.690719Z,Service Portal
SR-100226,2026-05-16T11:05:19.512904Z,2026-05-17T08:22:47.281763Z,Closed,Low,Account Access,Permission request,North Service Center,Technical Support,A. Patel,Phone,96,21.29,No,4,2026-05-17T08:22:47.281763Z,Service Portal
SR-100224,2026-05-16T13:39:57.283846Z,2026-05-17T17:24:38.237032Z,Closed,Normal,Equipment & Maintenance,Replacement request,South Service Center,Field Operations,H. Clark,Email,48,27.74,No,4,2026-05-17T17:24:38.237032Z,Service Portal
SR-100227,2026-05-16T15:07:34.063525Z,2026-05-18T21:19:06.825668Z,Closed,Normal,Equipment & Maintenance,Preventive maintenance,West Service Center,Field Operations,P. Garcia,Web,48,54.19,No,4,2026-05-18T21:19:06.825668Z,Service Portal
SR-100229,2026-05-16T16:00:30.979626Z,2026-05-17T00:44:07.188695Z,Closed,Normal,General Inquiry,Service information,West Service Center,Customer Care,K. Johnson,Phone,48,8.73,No,4,2026-05-17T00:44:07.188695Z,Contact Center
SR-100228,2026-05-16T16:05:31.048755Z,2026-05-18T21:45:27.249209Z,Closed,High,Equipment & Maintenance,Replacement request,South Service Center,Field Operations,P. Garcia,Web,16,53.67,No,,2026-05-18T21:45:27.249209Z,Service Portal
SR-100233,2026-05-16T16:25:02.492081Z,2026-05-17T12:26:41.656666Z,Closed,Normal,Account Access,Permission request,Central Service Center,Technical Support,M. Chen,Phone,48,20.03,No,4,2026-05-17T12:26:41.656666Z,Service Portal
SR-100232,2026-05-16T16:40:57.889313Z,2026-05-18T19:09:48.725970Z,Closed,High,Equipment & Maintenance,Preventive maintenance,Remote,Field Operations,V. Hall,Web,16,50.48,Yes,3,2026-05-18T19:09:48.725970Z,Contact Center
SR-100231,2026-05-16T16:52:37.405121Z,2026-05-17T08:41:23.659435Z,Closed,High,Delivery & Fulfillment,Address correction,Remote,Customer Care,B. Martin,Mobile,16,15.81,No,5,2026-05-17T08:41:23.659435Z,Service Portal
SR-100225,2026-05-16T17:17:43.023535Z,2026-05-18T16:55:39.688099Z,Closed,Normal,Billing & Payments,Refund request,West Service Center,Billing Operations,T. Nguyen,Email,48,47.63,No,4,2026-05-18T16:55:39.688099Z,Service Portal
SR-100237,2026-05-17T11:45:01.302658Z,2026-05-18T06:43:32.229503Z,Closed,Normal,General Inquiry,Feedback,South Service Center,Customer Care,E. Thompson,Web,48,18.98,No,5,2026-05-18T06:43:32.229503Z,Service Portal
SR-100234,2026-05-17T12:45:13.065514Z,2026-05-20T12:59:41.573879Z,Closed,Low,Permit & Compliance,Documentation review,Central Service Center,Compliance Services,O. Scott,Phone,96,72.24,Yes,4,2026-05-20T12:59:41.573879Z,Contact Center
SR-100239,2026-05-17T12:51:29.575949Z,2026-05-20T07:14:30.869282Z,Closed,Low,Permit & Compliance,Documentation review,Remote,Compliance Services,O. Scott,Web,96,66.38,No,5,2026-05-20T07:14:30.869282Z,Contact Center
SR-100240,2026-05-17T13:33:12.686411Z,2026-05-18T04:15:07.411580Z,Closed,High,Account Access,Permission request,South Service Center,Technical Support,J. Brooks,Web,16,14.70,Yes,4,2026-05-18T04:15:07.411580Z,Service Portal
SR-100241,2026-05-17T16:12:24.803844Z,2026-05-19T07:21:41.237917Z,Closed,Normal,Delivery & Fulfillment,Damaged item,Central Service Center,Customer Care,K. Johnson,Phone,48,39.15,No,4,2026-05-19T07:21:41.237917Z,Service Portal
SR-100236,2026-05-17T17:20:31.761958Z,2026-05-17T22:32:32.300458Z,Closed,Critical,Account Access,Permission request,South Service Center,Technical Support,J. Brooks,Mobile,4,5.20,No,4,2026-05-17T22:32:32.300458Z,Service Portal
SR-100238,2026-05-17T19:25:34.330081Z,2026-05-19T08:11:19.309083Z,Closed,Normal,Permit & Compliance,Application status,Remote,Compliance Services,O. Scott,Mobile,48,36.76,No,4,2026-05-19T08:11:19.309083Z,Contact Center
SR-100235,2026-05-17T19:48:24.429630Z,2026-05-19T12:06:57.880604Z,Closed,High,Equipment & Maintenance,Device repair,South Service Center,Field Operations,H. Clark,Phone,16,40.31,No,,2026-05-19T12:06:57.880604Z,Field App
SR-100242,2026-05-17T20:45:29.847805Z,2026-05-20T05:06:17.134441Z,Closed,Low,Delivery & Fulfillment,Damaged item,South Service Center,Customer Care,D. Wilson,Phone,96,56.35,No,4,2026-05-20T05:06:17.134441Z,Contact Center
SR-100244,2026-05-18T08:00:43.835187Z,2026-05-18T17:38:52.244921Z,Closed,High,Account Access,Identity verification,North Service Center,Technical Support,J. Brooks,Email,16,9.64,No,4,2026-05-18T17:38:52.244921Z,Contact Center
SR-100246,2026-05-18T08:01:56.412460Z,2026-05-19T04:34:03.370539Z,Closed,High,Billing & Payments,Refund request,West Service Center,Billing Operations,R. Williams,Web,16,20.54,Yes,,2026-05-19T04:34:03.370539Z,Field App
SR-100249,2026-05-18T08:22:49.179239Z,2026-05-19T06:31:21.906764Z,Closed,Normal,Delivery & Fulfillment,Damaged item,North Service Center,Customer Care,E. Thompson,Phone,48,22.14,No,4,2026-05-19T06:31:21.906764Z,Service Portal
SR-100250,2026-05-18T09:53:32.962861Z,2026-05-20T02:14:12.335693Z,Closed,High,Permit & Compliance,Documentation review,West Service Center,Compliance Services,F. Wright,Web,16,40.34,No,2,2026-05-20T02:14:12.335693Z,Service Portal
SR-100257,2026-05-18T12:17:12.530735Z,2026-05-19T02:55:38.784458Z,Closed,Normal,Account Access,Password reset,Remote,Technical Support,M. Chen,Web,48,14.64,No,5,2026-05-19T02:55:38.784458Z,Service Portal
SR-100252,2026-05-18T12:24:19.770435Z,2026-05-19T09:51:32.907065Z,Closed,High,Equipment & Maintenance,Replacement request,South Service Center,Field Operations,N. Lewis,Phone,16,21.45,No,,2026-05-19T09:51:32.907065Z,Service Portal
SR-100254,2026-05-18T14:32:52.213917Z,2026-05-20T23:37:06.127421Z,Closed,Low,Delivery & Fulfillment,Damaged item,Remote,Customer Care,E. Thompson,Web,96,57.07,No,5,2026-05-20T23:37:06.127421Z,Service Portal
SR-100253,2026-05-18T14:50:41.800916Z,2026-05-18T21:44:15.246321Z,Closed,Normal,Account Access,Password reset,Central Service Center,Technical Support,J. Brooks,Phone,48,6.89,No,,2026-05-18T21:44:15.246321Z,Service Portal
SR-100256,2026-05-18T15:00:23.169279Z,2026-05-20T05:14:13.810828Z,Closed,Low,Account Access,Password reset,North Service Center,Technical Support,A. Patel,Web,96,38.23,Yes,4,2026-05-20T05:14:13.810828Z,Field App
SR-100245,2026-05-18T16:57:59.956772Z,2026-05-20T04:21:13.365126Z,Closed,Normal,Permit & Compliance,Policy clarification,South Service Center,Compliance Services,I. Adams,Web,48,35.39,Yes,,2026-05-20T04:21:13.365126Z,Service Portal
SR-100255,2026-05-18T17:03:55.912958Z,2026-05-20T12:25:03.414126Z,Closed,Normal,Equipment & Maintenance,Replacement request,Remote,Field Operations,H. Clark,Web,48,43.35,No,3,2026-05-20T12:25:03.414126Z,Service Portal
SR-100247,2026-05-18T17:52:31.739014Z,2026-05-20T11:35:12.434937Z,Closed,Normal,Delivery & Fulfillment,Address correction,Remote,Customer Care,B. Martin,Phone,48,41.71,No,4,2026-05-20T11:35:12.434937Z,Service Portal
SR-100248,2026-05-18T19:42:22.707502Z,2026-05-20T07:36:35.499570Z,Closed,Normal,Equipment & Maintenance,Preventive maintenance,Remote,Field Operations,V. Hall,Walk-in,48,35.90,No,,2026-05-20T07:36:35.499570Z,Service Portal
SR-100251,2026-05-18T21:01:25.756148Z,2026-05-19T13:52:07.433486Z,Closed,Normal,Account Access,Permission request,South Service Center,Technical Support,A. Patel,Web,48,16.84,No,,2026-05-19T13:52:07.433486Z,Service Portal
SR-100243,2026-05-18T21:25:14.889754Z,2026-05-19T14:18:34.181381Z,Closed,Low,Account Access,Permission request,Central Service Center,Technical Support,S. Rivera,Walk-in,96,16.89,No,4,2026-05-19T14:18:34.181381Z,Service Portal
SR-100271,2026-05-19T07:22:19.910526Z,2026-05-21T18:00:31.383238Z,Closed,Normal,Delivery & Fulfillment,Damaged item,North Service Center,Customer Care,B. Martin,Phone,48,58.64,Yes,3,2026-05-21T18:00:31.383238Z,Service Portal
SR-100267,2026-05-19T07:47:14.499031Z,2026-05-19T04:47:14.499031Z,Closed,Critical,Account Access,Permission request,South Service Center,Technical Support,A. Patel,Web,4,-3,No,3,2026-05-19T14:45:26.037120Z,Contact Center
SR-100270,2026-05-19T08:05:09.418711Z,2026-05-21T13:45:19.803458Z,Closed,Normal,Billing & Payments,Refund request,Central Service Center,Billing Operations,R. Williams,Web,48,53.67,No,3,2026-05-21T13:45:19.803458Z,Contact Center
SR-100262,2026-05-19T09:39:31.808412Z,2026-05-21T16:13:53.387194Z,Closed,Normal,Delivery & Fulfillment,Damaged item,North Service Center,Customer Care,D. Wilson,Email,48,54.57,No,4,2026-05-21T16:13:53.387194Z,Service Portal
SR-100268,2026-05-19T11:37:38.151971Z,2026-05-19T18:31:40.607122Z,Closed,High,Billing & Payments,Invoice question,Central Service Center,Billing Operations,L. Moore,Phone,16,6.90,No,,2026-05-19T18:31:40.607122Z,Field App
SR-100258,2026-05-19T11:41:43.420820Z,2026-05-19T19:01:54.333062Z,Closed,Normal,General Inquiry,Service information,West Service Center,Customer Care,D. Wilson,Mobile,48,7.34,No,4,2026-05-19T19:01:54.333062Z,Service Portal
SR-100260,2026-05-19T11:57:04.232820Z,2026-05-20T12:25:48.509406Z,Closed,Normal,Account Access,Permission request,Remote,Technical Support,M. Chen,Web,48,24.48,No,4,2026-05-20T12:25:48.509406Z,Service Portal
SR-100265,2026-05-19T12:46:12.167433Z,2026-05-21T00:31:53.636405Z,Closed,High,Equipment & Maintenance,Device repair,South Service Center,Field Operations,N. Lewis,Web,16,35.76,No,,2026-05-21T00:31:53.636405Z,Contact Center
SR-100272,2026-05-19T13:24:42.088712Z,2026-05-20T03:50:38.754243Z,Closed,Normal,General Inquiry,Service information,South Service Center,Customer Care,K. Johnson,Phone,48,14.43,No,3,2026-05-20T03:50:38.754243Z,Service Portal
SR-100266,2026-05-19T14:12:58.471986Z,2026-05-20T11:03:42.170973Z,Closed,Normal,Delivery & Fulfillment,Late delivery,South Service Center,Customer Care,E. Thompson,Walk-in,48,20.85,No,4,2026-05-20T11:03:42.170973Z,Field App
SR-100263,2026-05-19T14:44:53.207331Z,2026-05-21T10:57:07.259167Z,Closed,Normal,Permit & Compliance,Policy clarification,Remote,Compliance Services,O. Scott,Mobile,48,44.20,No,4,2026-05-21T10:57:07.259167Z,Service Portal
SR-100264,2026-05-19T15:26:11.214696Z,2026-05-21T05:57:59.827711Z,Closed,High,Delivery & Fulfillment,Late delivery,West Service Center,Customer Care,K. Johnson,Phone,16,38.53,No,3,2026-05-21T05:57:59.827711Z,Service Portal
SR-100259,2026-05-19T16:22:24.946897Z,2026-05-22T09:57:11.271965Z,Closed,Normal,Permit & Compliance,Policy clarification,Central Service Center,Compliance Services,I. Adams,Mobile,48,65.58,No,2,2026-05-22T09:57:11.271965Z,Service Portal
SR-100269,2026-05-19T17:04:37.712405Z,2026-05-20T08:14:55.626176Z,Closed,Normal,Account Access,Identity verification,Central Service Center,Technical Support,A. Patel,Web,48,15.17,No,,2026-05-20T08:14:55.626176Z,Contact Center
SR-100269,2026-05-19T17:04:37.712405Z,2026-05-20T08:14:55.626176Z,Closed,Normal,Account Access,Identity verification,Central Service Center,Technical Support,A. Patel,Web,48,15.17,No,,2026-08-23T21:59:13.654482Z,Contact Center
SR-100261,2026-05-19T19:13:06.667709Z,2026-05-20T03:08:52.836841Z,Closed,Normal,Account Access,Password reset,Remote,Technical Support,S. Rivera,Walk-in,48,7.93,No,4,2026-05-20T03:08:52.836841Z,Contact Center
SR-100273,2026-05-19T20:04:51.382466Z,2026-05-21T05:33:38.617101Z,Closed,High,Delivery & Fulfillment,Address correction,Central Service Center,Customer Care,D. Wilson,Phone,16,33.48,No,4,2026-05-21T05:33:38.617101Z,Service Portal
SR-100282,2026-05-20T07:46:15.763451Z,2026-05-20T18:28:40.592026Z,Closed,High,General Inquiry,Status request,Central Service Center,Customer Care,E. Thompson,Mobile,16,10.71,No,4,2026-05-20T18:28:40.592026Z,Service Portal
SR-100280,2026-05-20T08:52:18.343855Z,2026-05-24T01:22:39.298129Z,Closed,Normal,Permit & Compliance,Documentation review,Central Service Center,Compliance Services,O. Scott,Mobile,48,88.51,No,5,2026-05-24T01:22:39.298129Z,Service Portal
SR-100277,2026-05-20T10:22:24.048317Z,2026-05-20T18:32:45.514904Z,Closed,High,Delivery & Fulfillment,Late delivery,Remote,Customer Care,K. Johnson,Email,16,8.17,No,4,2026-05-20T18:32:45.514904Z,Service Portal
SR-100275,2026-05-20T10:24:35.958933Z,2026-05-21T10:26:32.469688Z,Closed,Normal,General Inquiry,Service information,Remote,Customer Care,D. Wilson,Web,48,24.03,No,,2026-05-21T10:26:32.469688Z,Service Portal
SR-100274,2026-05-20T11:22:40.669180Z,2026-05-21T15:43:23.450611Z,Closed,Critical,Permit & Compliance,Policy clarification,South Service Center,Compliance Services,O. Scott,Web,4,28.35,No,3,2026-05-21T15:43:23.450611Z,Contact Center
SR-100284,2026-05-20T11:25:42.885415Z,2026-05-23T12:08:43.170838Z,Closed,Normal,Equipment & Maintenance,Replacement request,Central Service Center,Field Operations,P. Garcia,Mobile,48,72.72,No,3,2026-05-23T12:08:43.170838Z,Field App
SR-100283,2026-05-20T13:40:57.761793Z,2026-05-24T04:53:04.697061Z,Closed,Normal,Permit & Compliance,Documentation review,West Service Center,Compliance Services,O. Scott,Mobile,48,87.20,No,,2026-05-24T04:53:04.697061Z,Service Portal
SR-100287,2026-05-20T14:19:16.351333Z,2026-05-20T18:40:15.318018Z,Closed,High,Account Access,Permission request,West Service Center,Technical Support,A. Patel,Web,16,4.35,No,4,2026-05-20T18:40:15.318018Z,Service Portal
SR-100288,2026-05-20T15:04:55.601885Z,2026-05-22T12:50:32.504333Z,Closed,Normal,Delivery & Fulfillment,Late delivery,South Service Center,Customer Care,E. Thompson,Phone,48,45.76,No,4,2026-05-22T12:50:32.504333Z,Contact Center
SR-100276,2026-05-20T16:50:59.925061Z,2026-05-21T10:33:10.505703Z,Closed,Normal,Billing & Payments,Payment failure,North Service Center,Billing Operations,L. Moore,Phone,48,17.70,No,4,2026-05-21T10:33:10.505703Z,Contact Center
SR-100278,2026-05-20T17:03:31.425676Z,2026-05-23T15:52:42.148061Z,Closed,Normal,Permit & Compliance,Policy clarification,South Service Center,Compliance Services,F. Wright,Email,48,70.82,No,4,2026-05-23T15:52:42.148061Z,Service Portal
SR-100285,2026-05-20T17:33:28.665179Z,2026-05-22T04:52:45.206894Z,Closed,Normal,Billing & Payments,Invoice question,West Service Center,Billing Operations,C. Davis,Web,48,35.32,No,4,2026-05-22T04:52:45.206894Z,Service Portal
SR-100279,2026-05-20T17:45:04.160271Z,2026-05-23T04:48:46.021630Z,Closed,Normal,Equipment & Maintenance,Preventive maintenance,North Service Center,Field Operations,P. Garcia,Web,48,59.06,No,,2026-05-23T04:48:46.021630Z,Service Portal
SR-100286,2026-05-20T17:46:29.465946Z,2026-05-24T12:02:43.628149Z,Closed,Normal,Permit & Compliance,Application status,Central Service Center,Compliance Services,G. Baker,Mobile,48,90.27,No,3,2026-05-24T12:02:43.628149Z,Contact Center
SR-100281,2026-05-20T19:29:59.198876Z,2026-05-21T03:42:59.088272Z,Closed,Normal,Account Access,Password reset,Remote,Technical Support,M. Chen,Phone,48,8.22,No,5,2026-05-21T03:42:59.088272Z,Service Portal
SR-100294,2026-05-21T08:35:25.543845Z,2026-05-22T04:44:09.163231Z,Closed,High,Account Access,Password reset,South Service Center,Technical Support,S. Rivera,Phone,16,20.15,No,,2026-05-22T04:44:09.163231Z,Service Portal
SR-100293,2026-05-21T08:47:47.869247Z,2026-05-21T20:29:45.062252Z,Closed,Normal,Account Access,Permission request,West Service Center,Technical Support,M. Chen,Web,48,11.70,No,4,2026-05-21T20:29:45.062252Z,Service Portal
SR-100297,2026-05-21T13:15:57.205575Z,2026-05-22T04:26:48.698595Z,Closed,Normal,Account Access,Password reset,South Service Center,Technical Support,S. Rivera,Web,48,15.18,No,5,2026-05-22T04:26:48.698595Z,Service Portal
SR-100295,2026-05-21T13:26:03.580852Z,2026-05-21T18:30:52.804517Z,Closed,High,Account Access,Permission request,Central Service Center,Technical Support,A. Patel,Email,16,5.08,No,4,2026-05-21T18:30:52.804517Z,Contact Center
SR-100298,2026-05-21T15:35:12.667528Z,2026-05-24T02:53:08.115333Z,Closed,Normal,Permit & Compliance,Documentation review,Central Service Center,Compliance Services,I. Adams,Phone,48,59.30,No,,2026-05-24T02:53:08.115333Z,Field App
SR-100291,2026-05-21T16:28:44.742901Z,2026-05-22T03:05:33.301351Z,Closed,Normal,Account Access,Identity verification,Central Service Center,Technical Support,J. Brooks,Web,48,10.61,No,5,2026-05-22T03:05:33.301351Z,Service Portal
SR-100289,2026-05-21T17:28:20.773719Z,2026-05-22T17:06:14.849879Z,Closed,Normal,General Inquiry,Service information,Remote,Customer Care,B. Martin,Web,48,23.63,No,5,2026-05-22T17:06:14.849879Z,Service Portal
SR-100296,2026-05-21T18:18:28.396314Z,2026-05-23T22:43:51.210149Z,Closed,High,Equipment & Maintenance,Device repair,Remote,Field Operations,N. Lewis,Phone,16,52.42,No,,2026-05-23T22:43:51.210149Z,Service Portal
SR-100292,2026-05-21T19:40:55.207223Z,2026-05-23T07:25:13.366617Z,Closed,Normal,Billing & Payments,Invoice question,Remote,Billing Operations,L. Moore,Web,48,35.74,No,,2026-05-23T07:25:13.366617Z,Contact Center
SR-100290,2026-05-21T20:34:21.572221Z,2026-05-23T10:51:28.435334Z,Closed,Normal,General Inquiry,Service information,South Service Center,Customer Care,D. Wilson,Web,48,38.29,No,,2026-05-23T10:51:28.435334Z,Contact Center
SR-100306,2026-05-22T08:43:41.693843Z,2026-05-23T00:50:48.976455Z,Closed,Normal,Billing & Payments,Refund request,North Service Center,Billing Operations,C. Davis,Phone,48,16.12,No,5,2026-05-23T00:50:48.976455Z,Service Portal
SR-100302,2026-05-22T09:25:23.851543Z,2026-05-23T18:19:13.282937Z,Closed,Normal,Delivery & Fulfillment,Address correction,North Service Center,Customer Care,K. Johnson,Web,48,32.90,No,,2026-05-23T18:19:13.282937Z,Field App
SR-100302,2026-05-22T09:25:23.851543Z,2026-05-23T18:19:13.282937Z,Closed,Normal,Delivery & Fulfillment,Address correction,North Service Center,Customer Care,K. Johnson,Web,48,32.90,No,,2026-08-23T19:45:18.016765Z,Field App
SR-100308,2026-05-22T11:17:40.612337Z,2026-05-24T05:42:28.377385Z,Closed,Normal,Billing & Payments,Invoice question,South Service Center,Billing Operations,R. Williams,Web,48,42.41,No,4,2026-05-24T05:42:28.377385Z,Contact Center
SR-100304,2026-05-22T11:21:39.312801Z,2026-05-23T11:35:30.482999Z,Closed,Normal,Delivery & Fulfillment,Address correction,West Service Center,Customer Care,E. Thompson,Email,48,24.23,No,,2026-05-23T11:35:30.482999Z,Service Portal
SR-100303,2026-05-22T13:01:13.128203Z,2026-05-25T02:42:31.716594Z,Closed,Low,Permit & Compliance,Application status,North Service Center,Compliance Services,I. Adams,Phone,96,61.69,No,,2026-05-25T02:42:31.716594Z,Service Portal
SR-100305,2026-05-22T13:53:19.812120Z,2026-05-23T20:49:25.616374Z,Closed,High,Equipment & Maintenance,Preventive maintenance,North Service Center,Field Operations,H. Clark,Mobile,16,30.93,No,3,2026-05-23T20:49:25.616374Z,Contact Center
SR-100300,2026-05-22T14:34:59.766674Z,2026-05-26T00:58:04.874407Z,Closed,Normal,Permit & Compliance,Documentation review,North Service Center,Compliance Services,F. Wright,Mobile,48,82.38,No,,2026-05-26T00:58:04.874407Z,Contact Center
SR-100307,2026-05-22T15:05:03.144246Z,2026-05-27T23:23:13.967469Z,Closed,Normal,Permit & Compliance,Application status,South Service Center,Compliance Services,I. Adams,Mobile,48,128.30,Yes,3,2026-05-27T23:23:13.967469Z,Contact Center
SR-100299,2026-05-22T15:24:51.437916Z,2026-05-23T03:26:07.416666Z,Closed,Normal,Account Access,Identity verification,North Service Center,Technical Support,M. Chen,Phone,48,12.02,No,4,2026-05-23T03:26:07.416666Z,Contact Center
SR-100301,2026-05-22T16:58:13.829367Z,2026-05-23T05:07:59.266817Z,Closed,High,Account Access,Identity verification,Remote,Technical Support,A. Patel,Phone,16,12.16,No,4,2026-05-23T05:07:59.266817Z,Contact Center
SR-100309,2026-05-22T20:28:35.868988Z,2026-05-25T07:27:08.694250Z,Closed,High,Billing & Payments,Invoice question,Remote,Billing Operations,L. Moore,Web,16,58.98,No,5,2026-05-25T07:27:08.694250Z,Field App
SR-100313,2026-05-23T10:23:16.280441Z,2026-05-24T15:34:43.079160Z,Closed,Normal,Delivery & Fulfillment,Address correction,North Service Center,Customer Care,B. Martin,Phone,48,29.19,No,5,2026-05-24T15:34:43.079160Z,Service Portal
SR-100311,2026-05-23T11:10:26.707360Z,2026-05-24T02:26:31.260783Z,Closed,Normal,Account Access,Identity verification,North Service Center,Technical Support,M. Chen,Email,48,15.27,No,4,2026-05-24T02:26:31.260783Z,Field App
SR-100314,2026-05-23T11:48:25.446501Z,2026-05-28T04:25:40.060786Z,Closed,Normal,Equipment & Maintenance,Replacement request,West Service Center,Field Operations,H. Clark,Web,48,112.62,No,3,2026-05-28T04:25:40.060786Z,Service Portal
SR-100315,2026-05-23T13:12:21.423285Z,2026-05-23T19:31:01.517426Z,Closed,Critical,Account Access,Password reset,South Service Center,Technical Support,A. Patel,Email,4,6.31,No,4,2026-05-23T19:31:01.517426Z,Contact Center
SR-100310,2026-05-23T13:16:22.861039Z,2026-05-25T00:28:34.503855Z,Closed,Low,Permit & Compliance,Policy clarification,Central Service Center,Compliance Services,F. Wright,Email,96,35.20,No,4,2026-05-25T00:28:34.503855Z,Service Portal
SR-100312,2026-05-23T13:57:38.275560Z,2026-05-24T20:47:39.478648Z,Closed,Normal,Delivery & Fulfillment,Address correction,Remote,Customer Care,D. Wilson,Phone,48,30.83,No,4,2026-05-24T20:47:39.478648Z,Service Portal
SR-100325,2026-05-24T09:27:53.601606Z,2026-05-26T07:57:27.750943Z,Closed,Normal,Delivery & Fulfillment,Damaged item,West Service Center,Customer Care,K. Johnson,Web,48,46.49,No,4,2026-05-26T07:57:27.750943Z,Service Portal
SR-100316,2026-05-24T10:07:46.537697Z,2026-05-24T23:29:26.927370Z,Closed,High,Delivery & Fulfillment,Late delivery,Central Service Center,Customer Care,B. Martin,Web,16,13.36,No,,2026-05-24T23:29:26.927370Z,Field App
SR-100324,2026-05-24T11:00:25.602977Z,2026-05-27T08:29:08.249125Z,Closed,Low,Billing & Payments,Payment failure,Remote,Billing Operations,T. Nguyen,Email,96,69.48,No,,2026-05-27T08:29:08.249125Z,Contact Center
SR-100326,2026-05-24T11:56:58.827937Z,2026-05-25T02:41:47.713274Z,Closed,Normal,Account Access,Permission request,North Service Center,Technical Support,S. Rivera,Web,48,14.75,No,,2026-05-25T02:41:47.713274Z,Field App
SR-100317,2026-05-24T12:14:31.163994Z,2026-05-25T09:31:53.206140Z,Closed,High,General Inquiry,Service information,North Service Center,Customer Care,E. Thompson,Walk-in,16,21.29,No,4,2026-05-25T09:31:53.206140Z,Service Portal
SR-100320,2026-05-24T15:17:17.933754Z,2026-05-24T21:46:17.399238Z,Closed,Normal,Account Access,Permission request,Remote,Technical Support,J. Brooks,Email,48,6.48,No,4,2026-05-24T21:46:17.399238Z,Field App
SR-100321,2026-05-24T16:15:40.094442Z,2026-05-25T04:42:05.611774Z,Closed,High,General Inquiry,Feedback,Remote,Customer Care,D. Wilson,Web,16,12.44,Yes,4,2026-05-25T04:42:05.611774Z,Service Portal
SR-100322,2026-05-24T17:51:05.885593Z,2026-05-26T18:00:45.563843Z,Closed,Low,Billing & Payments,Refund request,South Service Center,Billing Operations,C. Davis,Walk-in,96,48.16,No,4,2026-05-26T18:00:45.563843Z,Field App
SR-100318,2026-05-24T18:12:48.462129Z,2026-05-25T15:31:48.438517Z,Closed,Normal,Delivery & Fulfillment,Damaged item,Central Service Center,Customer Care,E. Thompson,Web,48,21.32,No,4,2026-05-25T15:31:48.438517Z,Service Portal
SR-100323,2026-05-24T20:01:16.374763Z,2026-05-24T21:28:45.638746Z,Closed,Critical,Account Access,Identity verification,West Service Center,Technical Support,S. Rivera,Mobile,4,1.46,No,5,2026-05-24T21:28:45.638746Z,Contact Center
SR-100319,2026-05-24T20:05:55.362948Z,2026-05-25T01:28:16.358713Z,Closed,High,Account Access,Password reset,South Service Center,Technical Support,M. Chen,Web,16,5.37,No,4,2026-05-25T01:28:16.358713Z,Contact Center
SR-100328,2026-05-25T08:15:17.213874Z,2026-05-26T01:01:15.196612Z,Closed,Normal,Account Access,Permission request,Central Service Center,Technical Support,M. Chen,Web,48,16.77,No,4,2026-05-26T01:01:15.196612Z,Contact Center
SR-100330,2026-05-25T08:26:57.908780Z,2026-05-25T18:52:23.430735Z,Closed,High,Account Access,Identity verification,North Service Center,Technical Support,J. Brooks,Email,16,10.42,No,,2026-05-25T18:52:23.430735Z,Service Portal
SR-100327,2026-05-25T08:59:16.820676Z,2026-05-29T14:30:44.657960Z,Closed,Normal,Permit & Compliance,Application status,Central Service Center,Compliance Services,F. Wright,Email,48,101.52,No,2,2026-05-29T14:30:44.657960Z,Field App
SR-100331,2026-05-25T10:43:53.455551Z,2026-05-25T18:09:22.230547Z,Closed,Normal,Account Access,Password reset,South Service Center,,A. Patel,Email,48,7.42,No,4,2026-05-25T18:09:22.230547Z,Contact Center
SR-100332,2026-05-25T12:57:39.621502Z,2026-05-27T03:58:55.345187Z,Closed,Normal,Billing & Payments,Invoice question,West Service Center,Billing Operations,R. Williams,Walk-in,48,39.02,No,5,2026-05-27T03:58:55.345187Z,Service Portal
SR-100333,2026-05-25T14:35:58.580785Z,2026-05-27T01:59:09.500310Z,Closed,Normal,Delivery & Fulfillment,Late delivery,South Service Center,Customer Care,D. Wilson,Phone,48,35.39,No,5,2026-05-27T01:59:09.500310Z,Service Portal
SR-100338,2026-05-25T15:12:15.370404Z,2026-05-26T19:55:35.506933Z,Closed,High,Billing & Payments,Invoice question,North Service Center,Billing Operations,T. Nguyen,Email,16,28.72,No,5,2026-05-26T19:55:35.506933Z,Field App
SR-100329,2026-05-25T16:50:41.264433Z,2026-05-30T05:43:05.457315Z,Closed,Normal,Equipment & Maintenance,Replacement request,South Service Center,Field Operations,N. Lewis,Web,48,108.87,No,,2026-05-30T05:43:05.457315Z,Service Portal
SR-100334,2026-05-25T17:12:49.829471Z,2026-05-26T17:21:25.510897Z,Closed,Normal,Billing & Payments,Invoice question,North Service Center,Billing Operations,T. Nguyen,Phone,48,24.14,No,,2026-05-26T17:21:25.510897Z,Service Portal
SR-100335,2026-05-25T17:13:14.624863Z,2026-05-29T01:46:17.534031Z,Closed,Low,Permit & Compliance,Policy clarification,West Service Center,Compliance Services,F. Wright,Email,96,80.55,No,5,2026-05-29T01:46:17.534031Z,Contact Center
SR-100336,2026-05-25T17:36:10.223490Z,2026-05-28T04:09:02.866084Z,Closed,Normal,Delivery & Fulfillment,Address correction,North Service Center,Customer Care,K. Johnson,Web,48,58.55,No,5,2026-05-28T04:09:02.866084Z,Field App
SR-100337,2026-05-25T20:47:31.027648Z,2026-05-28T09:57:07.748055Z,Closed,Low,Delivery & Fulfillment,Late delivery,North Service Center,Customer Care,D. Wilson,Mobile,96,61.16,No,5,2026-05-28T09:57:07.748055Z,Service Portal
SR-100347,2026-05-26T09:35:00.203115Z,2026-05-31T00:01:55.012037Z,Closed,Normal,Equipment & Maintenance,Replacement request,West Service Center,Field Operations,V. Hall,Web,48,110.45,No,4,2026-05-31T00:01:55.012037Z,Service Portal
SR-100340,2026-05-26T11:21:07.256420Z,2026-05-27T10:22:33.245728Z,Closed,Low,General Inquiry,Status request,South Service Center,Customer Care,K. Johnson,Web,96,23.02,No,4,2026-05-27T10:22:33.245728Z,Service Portal
SR-100348,2026-05-26T11:40:56.861813Z,2026-05-27T19:15:45.955081Z,Closed,Critical,Permit & Compliance,Policy clarification,North Service Center,Compliance Services,F. Wright,Mobile,4,31.58,No,,2026-05-27T19:15:45.955081Z,Contact Center
SR-100343,2026-05-26T13:12:22.833292Z,2026-05-26T20:57:22.958969Z,Closed,Critical,Delivery & Fulfillment,Address correction,South Service Center,Customer Care,D. Wilson,Web,4,7.75,No,3,2026-05-26T20:57:22.958969Z,Service Portal
SR-100342,2026-05-26T13:46:44.720596Z,2026-05-27T07:51:35.084085Z,Closed,High,Billing & Payments,Refund request,South Service Center,Billing Operations,L. Moore,Email,16,18.08,Yes,2,2026-05-27T07:51:35.084085Z,Service Portal
SR-100344,2026-05-26T15:04:04.616574Z,2026-05-27T22:51:17.604042Z,Closed,High,Billing & Payments,Refund request,South Service Center,Billing Operations,L. Moore,Web,16,31.79,No,4,2026-05-27T22:51:17.604042Z,Contact Center
SR-100346,2026-05-26T16:53:50.506521Z,2026-05-27T00:57:14.051992Z,Closed,High,Account Access,Password reset,Central Service Center,Technical Support,S. Rivera,Phone,16,8.06,No,5,2026-05-27T00:57:14.051992Z,Service Portal
SR-100345,2026-05-26T17:52:03.258734Z,2026-05-29T08:16:18.395739Z,Closed,High,Permit & Compliance,Policy clarification,Central Service Center,Compliance Services,I. Adams,Web,16,62.40,No,4,2026-05-29T08:16:18.395739Z,Service Portal
SR-100341,2026-05-26T18:33:33.109044Z,2026-05-27T10:04:55.234635Z,Closed,High,Billing & Payments,Refund request,Central Service Center,Billing Operations,L. Moore,Mobile,16,15.52,No,4,2026-05-27T10:04:55.234635Z,Service Portal
SR-100339,2026-05-26T20:17:07.201614Z,2026-05-27T10:44:09.220499Z,Closed,Normal,Account Access,Identity verification,South Service Center,Technical Support,J. Brooks,Phone,48,14.45,No,4,2026-05-27T10:44:09.220499Z,Service Portal
SR-100354,2026-05-27T08:27:19.569231Z,2026-05-29T05:09:25.941208Z,Closed,Low,Equipment & Maintenance,Replacement request,South Service Center,Field Operations,V. Hall,Web,96,44.70,No,5,2026-05-29T05:09:25.941208Z,Contact Center
SR-100353,2026-05-27T09:07:36.183689Z,2026-05-27T17:13:17.087341Z,Closed,Normal,Account Access,Permission request,Remote,Technical Support,A. Patel,Phone,48,8.09,No,5,2026-05-27T17:13:17.087341Z,Service Portal
SR-100352,2026-05-27T09:08:29.229628Z,2026-05-28T23:28:17.602876Z,Closed,High,Permit & Compliance,Policy clarification,Central Service Center,Compliance Services,I. Adams,Web,16,38.33,No,,2026-05-28T23:28:17.602876Z,Service Portal
SR-100356,2026-05-27T10:42:30.043846Z,2026-05-27T19:48:56.197613Z,Closed,Normal,Account Access,Identity verification,Central Service Center,Technical Support,A. Patel,Walk-in,48,9.11,No,5,2026-05-27T19:48:56.197613Z,Service Portal
SR-100360,2026-05-27T11:56:37.002127Z,2026-05-28T03:48:26.104122Z,Closed,High,Billing & Payments,Payment failure,North Service Center,Billing Operations,L. Moore,Web,16,15.86,No,,2026-05-28T03:48:26.104122Z,Contact Center
SR-100349,2026-05-27T11:57:07.314297Z,2026-05-28T08:02:51.895271Z,Closed,Normal,Account Access,Password reset,Central Service Center,Technical Support,S. Rivera,Walk-in,48,20.10,No,5,2026-05-28T08:02:51.895271Z,Field App
SR-100355,2026-05-27T13:13:43.255539Z,2026-05-28T12:03:38.164409Z,Closed,Normal,Account Access,Password reset,South Service Center,Technical Support,J. Brooks,Web,48,22.83,No,5,2026-05-28T12:03:38.164409Z,Service Portal
SR-100358,2026-05-27T13:16:14.124256Z,2026-05-27T19:31:05.657538Z,Closed,Normal,Account Access,Permission request,South Service Center,Technical Support,A. Patel,Phone,48,6.25,No,5,2026-05-27T19:31:05.657538Z,Contact Center
SR-100350,2026-05-27T14:34:01.989401Z,2026-05-28T02:11:10.240070Z,Closed,Normal,Account Access,Password reset,Central Service Center,Technical Support,J. Brooks,Web,48,11.62,Yes,5,2026-05-28T02:11:10.240070Z,Field App
SR-100351,2026-05-27T14:40:37.484965Z,2026-05-30T19:18:34.742615Z,Closed,Normal,Billing & Payments,Refund request,Remote,Billing Operations,L. Moore,Phone,48,76.63,No,,2026-05-30T19:18:34.742615Z,Service Portal
SR-100362,2026-05-27T17:29:28.904572Z,2026-05-29T03:55:34.243894Z,Closed,Normal,Delivery & Fulfillment,Late delivery,Remote,Customer Care,K. Johnson,Phone,48,34.43,No,,2026-05-29T03:55:34.243894Z,Service Portal
SR-100359,2026-05-27T18:41:59.102639Z,2026-05-29T07:43:55.382415Z,Closed,Normal,Billing & Payments,Payment failure,West Service Center,Billing Operations,L. Moore,Web,48,37.03,No,3,2026-05-29T07:43:55.382415Z,Service Portal
SR-100357,2026-05-27T19:51:14.317226Z,2026-05-28T20:18:24.377338Z,Closed,Normal,Billing & Payments,Refund request,South Service Center,Billing Operations,L. Moore,Web,48,24.45,No,,2026-05-28T20:18:24.377338Z,Service Portal
SR-100361,2026-05-27T20:40:20.769565Z,2026-05-28T22:34:19.472350Z,Closed,High,Billing & Payments,Payment failure,North Service Center,Billing Operations,C. Davis,Web,16,25.90,No,3,2026-05-28T22:34:19.472350Z,Field App
SR-100368,2026-05-28T07:57:44.042796Z,2026-05-28T20:39:52.354208Z,Closed,Normal,Account Access,Permission request,Central Service Center,Technical Support,J. Brooks,Email,48,12.70,No,5,2026-05-28T20:39:52.354208Z,Field App
SR-100364,2026-05-28T08:01:58.216016Z,2026-05-30T18:15:14.525572Z,Closed,Normal,Equipment & Maintenance,Device repair,West Service Center,Field Operations,P. Garcia,Mobile,48,58.22,No,4,2026-05-30T18:15:14.525572Z,Contact Center
SR-100373,2026-05-28T08:59:16.848864Z,2026-05-28T15:00:14.139669Z,Closed,Normal,Account Access,Permission request,West Service Center,Technical Support,S. Rivera,Email,48,6.02,No,4,2026-05-28T15:00:14.139669Z,Contact Center
SR-100371,2026-05-28T10:21:01.298283Z,2026-05-28T14:19:35.985877Z,Closed,High,Account Access,Identity verification,South Service Center,Technical Support,S. Rivera,Web,16,3.98,No,4,2026-05-28T14:19:35.985877Z,Service Portal
SR-100369,2026-05-28T10:33:07.961183Z,2026-05-31T05:48:10.492203Z,Closed,High,Equipment & Maintenance,Device repair,Central Service Center,Field Operations,H. Clark,Web,16,67.25,No,5,2026-05-31T05:48:10.492203Z,Contact Center
SR-100366,2026-05-28T11:47:12.009974Z,2026-05-29T20:28:18.475767Z,Closed,Normal,Billing & Payments,Payment failure,Central Service Center,Billing Operations,T. Nguyen,Web,48,32.69,No,,2026-05-29T20:28:18.475767Z,Contact Center
SR-100372,2026-05-28T12:58:08.735267Z,2026-05-30T15:36:56.434767Z,Closed,High,Billing & Payments,Invoice question,South Service Center,Billing Operations,R. Williams,Phone,16,50.65,No,4,2026-05-30T15:36:56.434767Z,Service Portal
SR-100367,2026-05-28T13:12:09.952333Z,2026-05-31T02:08:35.823081Z,Closed,Normal,Billing & Payments,Refund request,West Service Center,Billing Operations,L. Moore,Web,48,60.94,No,4,2026-05-31T02:08:35.823081Z,Field App
SR-100375,2026-05-28T14:33:52.732141Z,2026-05-30T12:29:09.495926Z,Closed,Normal,Delivery & Fulfillment,Late delivery,South Service Center,Customer Care,K. Johnson,Email,48,45.92,No,4,2026-05-30T12:29:09.495926Z,Service Portal
SR-100374,2026-05-28T15:03:39.963282Z,2026-05-29T14:58:20.518552Z,Closed,Normal,Equipment & Maintenance,Preventive maintenance,Central Service Center,Field Operations,V. Hall,Web,48,23.91,No,,2026-05-29T14:58:20.518552Z,Service Portal
SR-100365,2026-05-28T15:41:26.157845Z,2026-05-30T05:51:08.952781Z,Closed,Normal,Billing & Payments,Payment failure,Remote,Billing Operations,T. Nguyen,Web,48,38.16,Yes,3,2026-05-30T05:51:08.952781Z,Service Portal
SR-100363,2026-05-28T16:37:41.291964Z,2026-06-02T00:24:33.561993Z,Closed,Normal,Delivery & Fulfillment,Late delivery,North Service Center,Customer Care,E. Thompson,Phone,48,103.78,No,3,2026-06-02T00:24:33.561993Z,Service Portal
SR-100370,2026-05-28T17:14:55.778979Z,2026-05-29T16:56:14.192056Z,Closed,High,Delivery & Fulfillment,Address correction,South Service Center,Customer Care,E. Thompson,Web,16,23.69,No,4,2026-05-29T16:56:14.192056Z,Field App
SR-100376,2026-05-29T07:59:54.640516Z,2026-05-29T13:53:35.027884Z,Closed,High,Account Access,Permission request,North Service Center,Technical Support,S. Rivera,Walk-in,16,5.89,No,4,2026-05-29T13:53:35.027884Z,Service Portal
SR-100379,2026-05-29T08:43:14.386425Z,2026-05-31T19:11:35.909878Z,Closed,Normal,Permit & Compliance,Documentation review,Central Service Center,Compliance Services,F. Wright,Web,48,58.47,No,3,2026-05-31T19:11:35.909878Z,Service Portal
SR-100381,2026-05-29T09:43:21.827959Z,2026-05-31T00:00:15.858603Z,Closed,High,Billing & Payments,Payment failure,Central Service Center,Billing Operations,L. Moore,Mobile,16,38.28,No,4,2026-05-31T00:00:15.858603Z,Service Portal
SR-100378,2026-05-29T10:37:55.074148Z,2026-05-29T22:46:17.128001Z,Closed,Critical,Billing & Payments,Payment failure,South Service Center,Billing Operations,L. Moore,Phone,4,12.14,No,4,2026-05-29T22:46:17.128001Z,Service Portal
SR-100382,2026-05-29T12:38:40.094364Z,2026-05-30T12:43:37.941133Z,Closed,Normal,Billing & Payments,Payment failure,Remote,Billing Operations,R. Williams,Email,48,24.08,No,,2026-05-30T12:43:37.941133Z,Contact Center
SR-100383,2026-05-29T13:57:12.555017Z,2026-06-01T00:01:51.931797Z,Closed,Normal,Equipment & Maintenance,Device repair,Central Service Center,Field Operations,P. Garcia,Web,48,58.08,No,4,2026-06-01T00:01:51.931797Z,Service Portal
SR-100377,2026-05-29T15:14:41.070683Z,2026-05-30T00:17:49.440475Z,Closed,Critical,Delivery & Fulfillment,Address correction,Remote,Customer Care,B. Martin,Phone,4,9.05,No,3,2026-05-30T00:17:49.440475Z,Service Portal
SR-100384,2026-05-29T17:11:07.064155Z,2026-06-01T17:53:07.531076Z,Closed,Low,Equipment & Maintenance,Preventive maintenance,North Service Center,Field Operations,N. Lewis,Web,96,72.70,No,,2026-06-01T17:53:07.531076Z,Contact Center
SR-100380,2026-05-29T20:04:14.086139Z,2026-05-31T19:10:31.001851Z,Closed,Normal,Equipment & Maintenance,Replacement request,Central Service Center,Field Operations,P. Garcia,Email,48,47.10,No,5,2026-05-31T19:10:31.001851Z,Service Portal
SR-100389,2026-05-30T08:35:06.603513Z,2026-06-01T04:42:59.935463Z,Closed,Low,Permit & Compliance,Policy clarification,Central Service Center,Compliance Services,G. Baker,Email,96,44.13,No,,2026-06-01T04:42:59.935463Z,Contact Center
SR-100392,2026-05-30T09:14:51.713097Z,2026-06-01T04:01:41.103209Z,Closed,Normal,Delivery & Fulfillment,Address correction,North Service Center,Customer Care,E. Thompson,Web,48,42.78,No,4,2026-06-01T04:01:41.103209Z,Service Portal
SR-100388,2026-05-30T09:42:11.491767Z,2026-05-31T12:45:20.643338Z,Closed,Normal,Billing & Payments,Refund request,Central Service Center,Billing Operations,R. Williams,Web,48,27.05,Yes,4,2026-05-31T12:45:20.643338Z,Service Portal
SR-100391,2026-05-30T11:39:31.269522Z,2026-05-30T19:38:07.833718Z,Closed,Critical,Billing & Payments,Payment failure,Remote,Billing Operations,R. Williams,Phone,4,7.98,No,4,2026-05-30T19:38:07.833718Z,Service Portal
SR-100387,2026-05-30T11:51:21.414819Z,2026-05-31T19:51:59.862311Z,Closed,Normal,Billing & Payments,Refund request,Central Service Center,Billing Operations,R. Williams,Mobile,48,32.01,No,,2026-05-31T19:51:59.862311Z,Service Portal
SR-100386,2026-05-30T14:04:05.356995Z,2026-06-01T00:12:32.796308Z,Closed,Low,Billing & Payments,Payment failure,Remote,Billing Operations,R. Williams,Phone,96,34.14,No,,2026-06-01T00:12:32.796308Z,Service Portal
SR-100385,2026-05-30T15:58:37.340911Z,2026-06-01T09:50:30.034797Z,Closed,Normal,Billing & Payments,Refund request,South Service Center,Billing Operations,R. Williams,Email,48,41.86,No,4,2026-06-01T09:50:30.034797Z,Service Portal
SR-100390,2026-05-30T19:26:59.605120Z,2026-06-01T09:15:39.647386Z,Closed,Normal,Equipment & Maintenance,Preventive maintenance,Central Service Center,Field Operations,P. Garcia,Mobile,48,37.81,No,3,2026-06-01T09:15:39.647386Z,Service Portal
SR-100393,2026-05-30T19:33:23.477900Z,2026-06-05T07:22:10.516650Z,Closed,Low,Billing & Payments,Refund request,West Service Center,Billing Operations,L. Moore,Web,96,131.81,Yes,3,2026-06-05T07:22:10.516650Z,Service Portal
SR-100400,2026-05-31T08:08:12.330829Z,2026-06-02T03:34:22.991120Z,Closed,Low,Permit & Compliance,Documentation review,Central Service Center,Compliance Services,I. Adams,Email,96,43.44,No,4,2026-06-02T03:34:22.991120Z,Service Portal
SR-100398,2026-05-31T08:54:15.527872Z,2026-06-01T14:05:31.119172Z,Closed,Normal,Account Access,Password reset,North Service Center,Technical Support,J. Brooks,Email,48,29.19,Yes,,2026-06-01T14:05:31.119172Z,Contact Center
SR-100399,2026-05-31T10:07:43.809554Z,2026-06-01T16:20:50.212667Z,Closed,High,Delivery & Fulfillment,Address correction,Central Service Center,Customer Care,B. Martin,Mobile,16,30.22,No,4,2026-06-01T16:20:50.212667Z,Service Portal
SR-100402,2026-05-31T10:25:51.761505Z,2026-06-01T14:33:48.130036Z,Closed,High,Equipment & Maintenance,Preventive maintenance,South Service Center,Field Operations,P. Garcia,Phone,16,28.13,No,4,2026-06-01T14:33:48.130036Z,Field App
SR-100397,2026-05-31T11:45:19.967521Z,2026-06-01T01:34:54.972719Z,Closed,Normal,Account Access,Password reset,South Service Center,Technical Support,M. Chen,Mobile,48,13.83,Yes,5,2026-06-01T01:34:54.972719Z,Service Portal
SR-100394,2026-05-31T14:35:10.311923Z,2026-05-31T20:51:40.906142Z,Closed,Normal,Account Access,Permission request,West Service Center,Technical Support,J. Brooks,Web,48,6.28,Yes,3,2026-05-31T20:51:40.906142Z,Service Portal
SR-100401,2026-05-31T15:46:16.790221Z,2026-06-04T01:48:19.191232Z,Closed,Low,Permit & Compliance,Policy clarification,South Service Center,Compliance Services,O. Scott,Email,96,82.03,No,,2026-06-04T01:48:19.191232Z,Service Portal
SR-100395,2026-05-31T18:11:30.667417Z,2026-06-04T11:35:14.291076Z,Closed,Normal,Permit & Compliance,Documentation review,North Service Center,Compliance Services,G. Baker,Web,48,89.40,No,,2026-06-04T11:35:14.291076Z,Service Portal
SR-100396,2026-05-31T20:02:07.050005Z,2026-06-02T01:52:27.378926Z,Closed,Normal,General Inquiry,Service information,South Service Center,Customer Care,B. Martin,Web,48,29.84,No,,2026-06-02T01:52:27.378926Z,Contact Center
SR-100406,2026-06-01T07:57:25.772625Z,2026-06-01T09:25:28.492519Z,Closed,Critical,Account Access,Permission request,Remote,Technical Support,M. Chen,Mobile,4,1.47,No,4,2026-06-01T09:25:28.492519Z,Service Portal
SR-100407,2026-06-01T07:59:32.665874Z,2026-06-03T17:54:31.368907Z,Closed,Low,Permit & Compliance,Documentation review,North Service Center,Compliance Services,I. Adams,Mobile,96,57.92,No,5,2026-06-03T17:54:31.368907Z,Field App
SR-100404,2026-06-01T10:18:59.877334Z,2026-06-04T04:08:40.424805Z,Closed,Normal,Delivery & Fulfillment,Late delivery,West Service Center,Customer Care,K. Johnson,Email,48,65.83,No,4,2026-06-04T04:08:40.424805Z,Contact Center
SR-100408,2026-06-01T10:33:07.849929Z,2026-06-01T21:04:17.689846Z,Closed,Normal,General Inquiry,Status request,Central Service Center,Customer Care,E. Thompson,Web,48,10.52,No,,2026-06-01T21:04:17.689846Z,Service Portal
SR-100414,2026-06-01T11:39:19.520296Z,2026-06-02T06:17:47.332876Z,Closed,High,Billing & Payments,Refund request,North Service Center,Billing Operations,C. Davis,Web,16,18.64,No,4,2026-06-02T06:17:47.332876Z,Field App
SR-100410,2026-06-01T14:29:27.756551Z,2026-06-02T05:06:46.041335Z,Closed,Normal,General Inquiry,Service information,Central Service Center,Customer Care,E. Thompson,Email,48,14.62,No,,2026-06-02T05:06:46.041335Z,Contact Center
SR-100405,2026-06-01T17:01:53.212570Z,2026-06-03T07:20:28.557513Z,Closed,Low,Delivery & Fulfillment,Address correction,South Service Center,Customer Care,B. Martin,Phone,96,38.31,No,5,2026-06-03T07:20:28.557513Z,Contact Center
SR-100412,2026-06-01T18:07:12.083755Z,2026-06-02T19:25:55.081351Z,Closed,Low,Delivery & Fulfillment,Late delivery,North Service Center,Customer Care,K. Johnson,Walk-in,96,25.31,No,4,2026-06-02T19:25:55.081351Z,Service Portal
SR-100409,2026-06-01T18:39:28.426050Z,2026-06-08T02:40:41.425135Z,Closed,Low,Permit & Compliance,Policy clarification,Central Service Center,Compliance Services,F. Wright,Web,96,152.02,No,,2026-06-08T02:40:41.425135Z,Service Portal
SR-100413,2026-06-01T18:40:46.722549Z,2026-06-04T10:13:52.353164Z,Closed,Normal,Delivery & Fulfillment,Late delivery,Central Service Center,Customer Care,K. Johnson,Web,48,63.55,No,3,2026-06-04T10:13:52.353164Z,Service Portal
SR-100411,2026-06-01T18:43:13.436781Z,2026-06-02T06:27:37.540159Z,Closed,Normal,Account Access,Permission request,Central Service Center,Technical Support,J. Brooks,Phone,48,11.74,No,5,2026-06-02T06:27:37.540159Z,Service Portal
SR-100403,2026-06-01T20:15:09.097455Z,2026-06-07T13:05:45.782922Z,Closed,Normal,Equipment & Maintenance,Replacement request,South Service Center,Field Operations,H. Clark,Walk-in,48,136.84,No,4,2026-06-07T13:05:45.782922Z,Field App
SR-100421,2026-06-02T08:12:21.504236Z,2026-06-06T03:17:32.468709Z,Closed,Normal,Permit & Compliance,Application status,South Service Center,Compliance Services,I. Adams,Email,48,91.09,No,4,2026-06-06T03:17:32.468709Z,Service Portal
SR-100419,2026-06-02T08:18:04.803452Z,2026-06-04T23:57:41.668004Z,Closed,Normal,Billing & Payments,Payment failure,Central Service Center,Billing Operations,C. Davis,Web,48,63.66,Yes,4,2026-06-04T23:57:41.668004Z,Field App
SR-100422,2026-06-02T11:51:41.269219Z,2026-06-03T14:17:35.754774Z,Closed,Normal,Equipment & Maintenance,Device repair,Central Service Center,,V. Hall,Web,48,26.43,No,5,2026-06-03T14:17:35.754774Z,Service Portal
SR-100418,2026-06-02T11:58:52.251701Z,2026-06-03T05:46:55.559963Z,Closed,Normal,Account Access,Identity verification,Central Service Center,Technical Support,A. Patel,Mobile,48,17.80,No,4,2026-06-03T05:46:55.559963Z,Service Portal
SR-100425,2026-06-02T13:06:22.596165Z,2026-06-03T11:36:54.837287Z,Closed,Low,Account Access,Identity verification,West Service Center,Technical Support,S. Rivera,Phone,96,22.51,Yes,,2026-06-03T11:36:54.837287Z,Contact Center
SR-100417,2026-06-02T13:25:58.056260Z,2026-06-03T09:16:24.431629Z,Closed,Normal,Billing & Payments,Refund request,Central Service Center,Billing Operations,R. Williams,Email,48,19.84,No,4,2026-06-03T09:16:24.431629Z,Service Portal
SR-100426,2026-06-02T15:48:54.715591Z,2026-06-03T22:40:16.499899Z,Closed,Low,Account Access,Password reset,Central Service Center,Technical Support,A. Patel,Mobile,96,30.86,No,4,2026-06-03T22:40:16.499899Z,Service Portal
SR-100427,2026-06-02T15:50:47.244466Z,2026-06-03T15:32:19.458903Z,Closed,High,Billing & Payments,Refund request,South Service Center,Billing Operations,R. Williams,Phone,16,23.69,No,3,2026-06-03T15:32:19.458903Z,Contact Center
SR-100415,2026-06-02T17:21:20.261787Z,2026-06-04T15:55:32.654689Z,Closed,Normal,Unmapped / Legacy,Invoice question,West Service Center,Billing Operations,R. Williams,Web,48,46.57,No,5,2026-06-04T15:55:32.654689Z,Service Portal
SR-100420,2026-06-02T18:24:34.968035Z,2026-06-04T06:36:48.360673Z,Closed,Normal,Permit & Compliance,Policy clarification,North Service Center,Compliance Services,G. Baker,Email,48,36.20,No,5,2026-06-04T06:36:48.360673Z,Service Portal
SR-100424,2026-06-02T18:57:49.677593Z,2026-06-04T19:17:24.067525Z,Closed,High,Equipment & Maintenance,Device repair,North Service Center,Field Operations,V. Hall,Web,16,48.33,No,4,2026-06-04T19:17:24.067525Z,Service Portal
SR-100416,2026-06-02T19:40:35.686958Z,2026-06-03T10:04:35.677424Z,Closed,Normal,General Inquiry,Service information,Central Service Center,Customer Care,E. Thompson,Mobile,48,14.40,No,,2026-06-03T10:04:35.677424Z,Service Portal
SR-100423,2026-06-02T19:56:34.233783Z,2026-06-05T06:27:52.243263Z,Closed,High,Permit & Compliance,Documentation review,West Service Center,Compliance Services,F. Wright,Web,16,58.52,No,4,2026-06-05T06:27:52.243263Z,Service Portal
SR-100435,2026-06-03T07:38:42.353679Z,2026-06-04T02:42:54.183002Z,Closed,Low,General Inquiry,Feedback,Central Service Center,Customer Care,E. Thompson,Phone,96,19.07,No,5,2026-06-04T02:42:54.183002Z,Contact Center
SR-100436,2026-06-03T09:29:42.520377Z,2026-06-04T16:46:20.396565Z,Closed,High,Delivery & Fulfillment,Late delivery,North Service Center,Customer Care,B. Martin,Web,16,31.28,No,3,2026-06-04T16:46:20.396565Z,Service Portal
SR-100437,2026-06-03T11:16:06.656662Z,2026-06-04T20:06:36.410784Z,Closed,Normal,General Inquiry,Status request,Remote,Customer Care,D. Wilson,Phone,48,32.84,No,5,2026-06-04T20:06:36.410784Z,Contact Center
SR-100430,2026-06-03T11:57:35.876310Z,2026-06-04T16:39:39.649766Z,Closed,High,Permit & Compliance,Documentation review,Central Service Center,Compliance Services,O. Scott,Web,16,28.70,No,4,2026-06-04T16:39:39.649766Z,Service Portal
SR-100431,2026-06-03T12:52:04.273531Z,2026-06-04T11:30:08.788646Z,Closed,Normal,Billing & Payments,Refund request,North Service Center,Billing Operations,R. Williams,Web,48,22.63,Yes,4,2026-06-04T11:30:08.788646Z,Service Portal
SR-100429,2026-06-03T14:09:19.275544Z,2026-06-04T20:02:05.765335Z,Closed,Normal,Delivery & Fulfillment,Late delivery,Remote,Customer Care,K. Johnson,Walk-in,48,29.88,No,4,2026-06-04T20:02:05.765335Z,Service Portal
SR-100428,2026-06-03T14:47:59.946166Z,2026-06-04T00:43:24.365554Z,Closed,Low,Account Access,Permission request,North Service Center,Technical Support,M. Chen,Web,96,9.92,No,5,2026-06-04T00:43:24.365554Z,Contact Center
SR-100433,2026-06-03T17:05:41.108825Z,2026-06-05T11:54:37.444342Z,Closed,Low,General Inquiry,Service information,West Service Center,Customer Care,D. Wilson,Phone,96,42.82,No,3,2026-06-05T11:54:37.444342Z,Service Portal
SR-100432,2026-06-03T17:52:22.913863Z,2026-06-04T20:34:00.342448Z,Closed,Low,Delivery & Fulfillment,Late delivery,Remote,Customer Care,E. Thompson,Walk-in,96,26.69,No,4,2026-06-04T20:34:00.342448Z,Service Portal
SR-100434,2026-06-03T18:26:54.041645Z,2026-06-05T15:43:43.509156Z,Closed,Normal,Equipment & Maintenance,Replacement request,South Service Center,Field Operations,N. Lewis,Phone,48,45.28,No,5,2026-06-05T15:43:43.509156Z,Field App
SR-100438,2026-06-03T19:07:29.821701Z,2026-06-03T23:42:53.501647Z,Closed,Normal,Account Access,Permission request,North Service Center,Technical Support,A. Patel,Email,48,4.59,No,4,2026-06-03T23:42:53.501647Z,Service Portal
SR-100442,2026-06-04T08:27:31.539609Z,2026-06-04T15:36:41.261490Z,Closed,Normal,Account Access,Password reset,North Service Center,Technical Support,A. Patel,Phone,48,7.15,No,,2026-06-04T15:36:41.261490Z,Service Portal
SR-100447,2026-06-04T09:55:02.963724Z,2026-06-05T16:36:39.344308Z,Closed,Low,Billing & Payments,Invoice question,North Service Center,Billing Operations,R. Williams,Phone,96,30.69,No,5,2026-06-05T16:36:39.344308Z,Service Portal
SR-100446,2026-06-04T11:32:21.375455Z,2026-06-04T18:29:06.678137Z,Closed,Normal,General Inquiry,Service information,North Service Center,Customer Care,D. Wilson,Mobile,48,6.95,No,,2026-06-04T18:29:06.678137Z,Service Portal
SR-100441,2026-06-04T11:42:59.428708Z,2026-06-05T07:35:14.609680Z,Closed,Low,General Inquiry,Status request,Central Service Center,Customer Care,D. Wilson,Web,96,19.87,No,,2026-06-05T07:35:14.609680Z,Service Portal
SR-100448,2026-06-04T12:06:34.893849Z,2026-06-05T14:43:08.348481Z,Closed,Normal,Equipment & Maintenance,Device repair,Central Service Center,Field Operations,H. Clark,Web,48,26.61,No,4,2026-06-05T14:43:08.348481Z,Contact Center
SR-100444,2026-06-04T15:17:05.438521Z,2026-06-05T16:09:48.960728Z,Closed,Normal,Billing & Payments,Refund request,North Service Center,Billing Operations,C. Davis,Walk-in,48,24.88,No,5,2026-06-05T16:09:48.960728Z,Contact Center
SR-100454,2026-06-04T15:20:22.052425Z,2026-06-05T23:05:05.922052Z,Closed,High,Delivery & Fulfillment,Damaged item,Remote,Customer Care,K. Johnson,Phone,16,31.75,No,4,2026-06-05T23:05:05.922052Z,Contact Center
SR-100440,2026-06-04T15:22:09.912755Z,2026-06-13T03:34:10.385479Z,Closed,Normal,Equipment & Maintenance,Preventive maintenance,South Service Center,Field Operations,P. Garcia,Walk-in,48,204.20,No,3,2026-06-13T03:34:10.385479Z,Contact Center
SR-100443,2026-06-04T16:51:45.824897Z,2026-06-05T03:26:12.704314Z,Closed,Low,Account Access,Password reset,Central Service Center,Technical Support,M. Chen,Walk-in,96,10.57,Yes,4,2026-06-05T03:26:12.704314Z,Service Portal
SR-100453,2026-06-04T17:10:27.619710Z,2026-06-05T22:28:55.257989Z,Closed,High,Billing & Payments,Payment failure,North Service Center,Billing Operations,T. Nguyen,Phone,16,29.31,No,4,2026-06-05T22:28:55.257989Z,Service Portal
SR-100445,2026-06-04T17:37:12.289031Z,2026-06-06T04:21:48.393083Z,Closed,Normal,Billing & Payments,Invoice question,North Service Center,Billing Operations,R. Williams,Email,48,34.74,No,4,2026-06-06T04:21:48.393083Z,Service Portal
SR-100452,2026-06-04T17:38:28.832773Z,2026-06-05T04:55:41.504648Z,Closed,Normal,Account Access,Permission request,West Service Center,Technical Support,S. Rivera,Web,48,11.29,No,,2026-06-05T04:55:41.504648Z,Service Portal
SR-100449,2026-06-04T18:00:06.173712Z,2026-06-05T13:32:15.256728Z,Closed,Normal,Delivery & Fulfillment,Damaged item,Central Service Center,Customer Care,B. Martin,Walk-in,48,19.54,No,4,2026-06-05T13:32:15.256728Z,Service Portal
SR-100451,2026-06-04T18:23:11.145207Z,2026-06-05T08:32:43.618342Z,Closed,Normal,Account Access,Permission request,South Service Center,Technical Support,J. Brooks,Mobile,48,14.16,No,,2026-06-05T08:32:43.618342Z,Service Portal
SR-100450,2026-06-04T19:00:46.670673Z,2026-06-06T09:53:35.184419Z,Closed,Normal,Permit & Compliance,Documentation review,South Service Center,Compliance Services,I. Adams,Web,48,38.88,No,4,2026-06-06T09:53:35.184419Z,Service Portal
SR-100439,2026-06-04T20:10:28.722098Z,2026-06-05T04:16:12.729213Z,Closed,Critical,Delivery & Fulfillment,Late delivery,South Service Center,Customer Care,K. Johnson,Web,4,8.10,No,4,2026-06-05T04:16:12.729213Z,Field App
SR-100467,2026-06-05T08:34:48.448869Z,2026-06-06T21:36:21.042016Z,Closed,Normal,Equipment & Maintenance,Device repair,North Service Center,Field Operations,N. Lewis,Email,48,37.03,No,4,2026-06-06T21:36:21.042016Z,Service Portal
SR-100471,2026-06-05T09:12:38.674533Z,2026-06-08T06:44:28.724385Z,Closed,Normal,Permit & Compliance,Documentation review,West Service Center,Compliance Services,I. Adams,Web,48,69.53,No,5,2026-06-08T06:44:28.724385Z,Service Portal
SR-100460,2026-06-05T10:43:22.593935Z,2026-06-05T19:06:43.467898Z,Closed,Normal,Account Access,Permission request,Remote,Technical Support,M. Chen,Web,48,8.39,No,5,2026-06-05T19:06:43.467898Z,Service Portal
SR-100465,2026-06-05T11:59:27.810278Z,2026-06-05T22:40:17.171243Z,Closed,Normal,Account Access,Permission request,South Service Center,Technical Support,A. Patel,Phone,48,10.68,No,,2026-06-05T22:40:17.171243Z,Contact Center
SR-100468,2026-06-05T12:53:39.958126Z,2026-06-06T09:10:29.856350Z,Closed,High,Delivery & Fulfillment,Address correction,West Service Center,Customer Care,D. Wilson,Email,16,20.28,No,3,2026-06-06T09:10:29.856350Z,Contact Center
SR-100469,2026-06-05T12:55:33.820866Z,2026-06-07T14:26:02.779374Z,Closed,Normal,Equipment & Maintenance,Preventive maintenance,Remote,Field Operations,P. Garcia,Mobile,48,49.51,No,4,2026-06-07T14:26:02.779374Z,Service Portal
SR-100456,2026-06-05T13:27:46.445458Z,2026-06-07T10:04:11.001760Z,Closed,High,Equipment & Maintenance,Replacement request,North Service Center,Field Operations,H. Clark,Web,16,44.61,No,4,2026-06-07T10:04:11.001760Z,Service Portal
SR-100464,2026-06-05T13:48:26.587990Z,2026-06-06T10:59:33.952572Z,Closed,Low,Delivery & Fulfillment,Damaged item,Central Service Center,Customer Care,K. Johnson,Email,96,21.19,No,5,2026-06-06T10:59:33.952572Z,Service Portal
SR-100459,2026-06-05T14:22:58.282967Z,2026-06-05T19:45:52.029391Z,Closed,High,General Inquiry,Status request,North Service Center,Customer Care,K. Johnson,Web,16,5.38,No,4,2026-06-05T19:45:52.029391Z,Service Portal
SR-100466,2026-06-05T15:26:28.884119Z,2026-06-05T22:26:24.337998Z,Closed,Normal,Account Access,Permission request,Remote,Technical Support,J. Brooks,Web,48,7.00,No,4,2026-06-05T22:26:24.337998Z,Service Portal
SR-100455,2026-06-05T17:06:19.952940Z,2026-06-06T20:17:26.151330Z,Closed,Critical,Permit & Compliance,Application status,Remote,Compliance Services,I. Adams,Email,4,27.19,No,3,2026-06-06T20:17:26.151330Z,Contact Center
SR-100458,2026-06-05T17:31:53.779529Z,2026-06-07T12:53:20.722383Z,Closed,Normal,Billing & Payments,Refund request,West Service Center,Billing Operations,T. Nguyen,Phone,48,43.36,Yes,5,2026-06-07T12:53:20.722383Z,Service Portal
SR-100463,2026-06-05T18:24:21.748519Z,2026-06-06T03:52:01.378176Z,Closed,Critical,Billing & Payments,Refund request,Central Service Center,Billing Operations,C. Davis,Mobile,4,9.46,No,,2026-06-06T03:52:01.378176Z,Field App
SR-100462,2026-06-05T19:09:58.276580Z,2026-06-07T17:46:36.549889Z,Closed,Normal,Permit & Compliance,Policy clarification,Remote,Compliance Services,I. Adams,Email,48,46.61,No,5,2026-06-07T17:46:36.549889Z,Service Portal
SR-100461,2026-06-05T19:14:08.139865Z,2026-06-07T02:58:36.821881Z,Closed,High,Equipment & Maintenance,Device repair,North Service Center,Field Operations,V. Hall,Web,16,31.74,No,4,2026-06-07T02:58:36.821881Z,Service Portal
SR-100470,2026-06-05T19:49:55.320253Z,2026-06-07T19:15:34.935498Z,Closed,Normal,Delivery & Fulfillment,Late delivery,Central Service Center,Customer Care,B. Martin,Walk-in,48,47.43,Yes,5,2026-06-07T19:15:34.935498Z,Service Portal
SR-100457,2026-06-05T19:56:13.477321Z,2026-06-06T15:00:02.588493Z,Closed,Low,Account Access,Permission request,Remote,Technical Support,S. Rivera,Phone,96,19.06,No,4,2026-06-06T15:00:02.588493Z,Service Portal
SR-100475,2026-06-06T13:49:56.710755Z,2026-06-07T15:43:58.866966Z,Closed,High,Equipment & Maintenance,Device repair,Central Service Center,Field Operations,H. Clark,Email,16,25.90,No,4,2026-06-07T15:43:58.866966Z,Service Portal
SR-100472,2026-06-06T14:09:07.308602Z,2026-06-08T20:45:56.446475Z,Closed,High,Equipment & Maintenance,Preventive maintenance,Central Service Center,Field Operations,H. Clark,Email,16,54.61,No,4,2026-06-08T20:45:56.446475Z,Service Portal
SR-100476,2026-06-06T14:20:52.135835Z,2026-06-07T16:08:30.697395Z,Closed,Normal,Equipment & Maintenance,Device repair,Central Service Center,Field Operations,P. Garcia,Email,48,25.79,Yes,4,2026-06-07T16:08:30.697395Z,Service Portal
SR-100478,2026-06-06T15:32:08.602430Z,2026-06-08T03:55:40.444155Z,Closed,Normal,Delivery & Fulfillment,Damaged item,West Service Center,Customer Care,D. Wilson,Phone,48,36.39,No,4,2026-06-08T03:55:40.444155Z,Field App
SR-100473,2026-06-06T16:31:24.511888Z,2026-06-07T09:11:20.573374Z,Closed,Critical,Delivery & Fulfillment,Address correction,North Service Center,Customer Care,D. Wilson,Web,4,16.67,Yes,3,2026-06-07T09:11:20.573374Z,Service Portal
SR-100477,2026-06-06T18:20:16.947548Z,2026-06-07T18:29:41.850485Z,Closed,High,Billing & Payments,Invoice question,Central Service Center,Billing Operations,C. Davis,Phone,16,24.16,No,4,2026-06-07T18:29:41.850485Z,Contact Center
SR-100474,2026-06-06T18:51:30.952592Z,2026-06-09T20:41:21.570155Z,Closed,Normal,Equipment & Maintenance,Preventive maintenance,Central Service Center,Field Operations,P. Garcia,Phone,48,73.83,No,,2026-06-09T20:41:21.570155Z,Contact Center
SR-100481,2026-06-07T08:36:09.088959Z,2026-06-07T18:25:41.079200Z,Closed,High,General Inquiry,Status request,South Service Center,Customer Care,K. Johnson,Phone,16,9.83,No,4,2026-06-07T18:25:41.079200Z,Service Portal
SR-100488,2026-06-07T09:48:21.905550Z,2026-06-08T01:20:04.676054Z,Closed,Low,General Inquiry,Service information,West Service Center,Customer Care,K. Johnson,Mobile,96,15.53,No,,2026-06-08T01:20:04.676054Z,Contact Center
SR-100480,2026-06-07T11:52:33.489810Z,2026-06-08T16:06:52.496266Z,Closed,Normal,Delivery & Fulfillment,Damaged item,Remote,Customer Care,E. Thompson,Mobile,48,28.24,No,4,2026-06-08T16:06:52.496266Z,Contact Center
SR-100487,2026-06-07T12:22:53.890335Z,2026-06-10T01:13:07.380035Z,Closed,Low,Equipment & Maintenance,Device repair,South Service Center,Field Operations,V. Hall,Web,96,60.84,Yes,3,2026-06-10T01:13:07.380035Z,Service Portal
SR-100482,2026-06-07T12:36:33.525634Z,2026-06-09T04:09:18.407603Z,Closed,Low,Delivery & Fulfillment,Late delivery,North Service Center,Customer Care,D. Wilson,Walk-in,96,39.55,No,,2026-06-09T04:09:18.407603Z,Service Portal
SR-100486,2026-06-07T13:50:36.493732Z,2026-06-12T10:11:02.438688Z,Closed,Low,Equipment & Maintenance,Preventive maintenance,Remote,Field Operations,H. Clark,Phone,96,116.34,No,,2026-06-12T10:11:02.438688Z,Field App
SR-100485,2026-06-07T14:17:10.092342Z,2026-06-08T20:28:50.426866Z,Closed,High,Billing & Payments,Invoice question,Remote,Billing Operations,R. Williams,Phone,16,30.19,No,3,2026-06-08T20:28:50.426866Z,Contact Center
SR-100484,2026-06-07T15:59:10.758553Z,2026-06-08T21:04:32.732630Z,Closed,Normal,Billing & Payments,Payment failure,South Service Center,Billing Operations,R. Williams,Email,48,29.09,No,4,2026-06-08T21:04:32.732630Z,Service Portal
SR-100483,2026-06-07T16:32:06.889146Z,2026-06-08T06:30:27.149095Z,Closed,Normal,General Inquiry,Service information,West Service Center,Customer Care,E. Thompson,Mobile,48,13.97,No,4,2026-06-08T06:30:27.149095Z,Service Portal
SR-100489,2026-06-07T17:28:59.935520Z,2026-06-10T09:16:46.472422Z,Closed,Normal,Permit & Compliance,Application status,South Service Center,Compliance Services,O. Scott,Mobile,48,63.80,No,,2026-06-10T09:16:46.472422Z,Contact Center
SR-100479,2026-06-07T18:39:26.315233Z,2026-06-09T06:08:33.431308Z,Closed,High,Permit & Compliance,Documentation review,West Service Center,Compliance Services,F. Wright,Web,16,35.49,No,4,2026-06-09T06:08:33.431308Z,Contact Center
SR-100496,2026-06-08T08:06:18.674860Z,2026-06-08T20:24:21.019389Z,Closed,Normal,Account Access,Identity verification,South Service Center,Technical Support,J. Brooks,Web,48,12.30,No,4,2026-06-08T20:24:21.019389Z,Field App
SR-100500,2026-06-08T09:33:57.760607Z,2026-06-09T18:25:02.076539Z,Closed,High,Delivery & Fulfillment,Damaged item,South Service Center,Customer Care,B. Martin,Email,16,32.85,No,2,2026-06-09T18:25:02.076539Z,Service Portal
SR-100490,2026-06-08T10:26:27.276733Z,2026-06-09T01:09:09.773853Z,Closed,Normal,Account Access,Identity verification,North Service Center,Technical Support,M. Chen,Web,48,14.71,No,4,2026-06-09T01:09:09.773853Z,Service Portal
SR-100491,2026-06-08T10:46:48.528033Z,2026-06-12T05:05:40.056630Z,Closed,Normal,Permit & Compliance,Policy clarification,West Service Center,Compliance Services,I. Adams,Mobile,48,90.31,No,3,2026-06-12T05:05:40.056630Z,Service Portal
SR-100495,2026-06-08T11:33:30.463333Z,2026-06-09T04:54:13.649011Z,Closed,High,Billing & Payments,Invoice question,South Service Center,Billing Operations,T. Nguyen,Email,16,17.35,No,3,2026-06-09T04:54:13.649011Z,Field App
SR-100493,2026-06-08T11:46:42.212296Z,2026-06-08T22:43:19.652008Z,Closed,Normal,General Inquiry,Feedback,Central Service Center,Customer Care,D. Wilson,Walk-in,48,10.94,No,4,2026-06-08T22:43:19.652008Z,Service Portal
SR-100497,2026-06-08T12:49:25.385106Z,2026-06-09T14:33:33.854474Z,Closed,High,Permit & Compliance,Application status,South Service Center,Compliance Services,F. Wright,Web,16,25.74,No,4,2026-06-09T14:33:33.854474Z,Service Portal
SR-100498,2026-06-08T13:38:38.071052Z,2026-06-10T11:48:12.835764Z,Closed,Normal,Delivery & Fulfillment,Late delivery,South Service Center,Customer Care,D. Wilson,Phone,48,46.16,No,4,2026-06-10T11:48:12.835764Z,Service Portal
SR-100492,2026-06-08T14:53:49.799486Z,2026-06-09T04:28:34.937932Z,Closed,Critical,Billing & Payments,Payment failure,Central Service Center,Billing Operations,C. Davis,Phone,4,13.58,No,4,2026-06-09T04:28:34.937932Z,Service Portal
SR-100494,2026-06-08T16:37:18.729255Z,2026-06-11T16:54:41.905840Z,Closed,Normal,Permit & Compliance,Application status,West Service Center,Compliance Services,G. Baker,Web,48,72.29,No,4,2026-06-11T16:54:41.905840Z,Contact Center
SR-100501,2026-06-08T20:33:27.465782Z,2026-06-10T08:37:48.366823Z,Closed,High,Equipment & Maintenance,Preventive maintenance,West Service Center,Field Operations,H. Clark,Email,16,36.07,No,,2026-06-10T08:37:48.366823Z,Service Portal
SR-100499,2026-06-08T20:58:54.599984Z,2026-06-10T19:52:16.056059Z,Closed,Normal,General Inquiry,Status request,South Service Center,Customer Care,E. Thompson,Email,48,46.89,No,5,2026-06-10T19:52:16.056059Z,Service Portal
SR-100504,2026-06-09T08:34:11.711021Z,2026-06-10T08:56:00.003138Z,Closed,High,Delivery & Fulfillment,Late delivery,Remote,Customer Care,K. Johnson,Walk-in,16,24.36,No,4,2026-06-10T08:56:00.003138Z,Service Portal
SR-100511,2026-06-09T08:38:01.762721Z,2026-06-12T23:43:04.333715Z,Closed,Normal,Delivery & Fulfillment,Late delivery,North Service Center,Customer Care,K. Johnson,Phone,48,87.08,No,4,2026-06-12T23:43:04.333715Z,Service Portal
SR-100509,2026-06-09T09:01:33.518291Z,2026-06-11T13:59:06.946832Z,Closed,Normal,Permit & Compliance,Documentation review,North Service Center,Compliance Services,I. Adams,Web,48,52.96,No,4,2026-06-11T13:59:06.946832Z,Service Portal
SR-100510,2026-06-09T09:53:43.490005Z,2026-06-10T06:05:30.317072Z,Closed,Normal,General Inquiry,Feedback,South Service Center,Customer Care,B. Martin,Email,48,20.20,No,,2026-06-10T06:05:30.317072Z,Service Portal
SR-100505,2026-06-09T14:17:41.454948Z,2026-06-10T22:23:29.503893Z,Closed,High,Equipment & Maintenance,Device repair,West Service Center,Field Operations,P. Garcia,Phone,16,32.10,No,,2026-06-10T22:23:29.503893Z,Service Portal
SR-100507,2026-06-09T16:45:21.257447Z,2026-06-11T01:51:08.534391Z,Closed,High,Delivery & Fulfillment,Late delivery,Central Service Center,Customer Care,K. Johnson,Web,16,33.10,No,4,2026-06-11T01:51:08.534391Z,Service Portal
SR-100508,2026-06-09T17:26:35.889548Z,2026-06-12T20:04:39.901113Z,Closed,High,Delivery & Fulfillment,Address correction,South Service Center,Customer Care,E. Thompson,Email,16,74.63,Yes,4,2026-06-12T20:04:39.901113Z,Service Portal
SR-100506,2026-06-09T17:48:53.172208Z,2026-06-10T11:42:40.323553Z,Closed,Normal,Account Access,Identity verification,Central Service Center,Technical Support,J. Brooks,Phone,48,17.90,No,4,2026-06-10T11:42:40.323553Z,Service Portal
SR-100502,2026-06-09T17:51:04.400078Z,2026-06-12T12:39:45.299681Z,Closed,Low,Permit & Compliance,Policy clarification,Central Service Center,Compliance Services,F. Wright,Phone,96,66.81,No,,2026-06-12T12:39:45.299681Z,Service Portal
SR-100502,2026-06-09T17:51:04.400078Z,2026-06-12T12:39:45.299681Z,Closed,Low,Permit & Compliance,Policy clarification,Central Service Center,Compliance Services,F. Wright,Phone,96,66.81,No,,2026-08-23T23:48:37.872706Z,Service Portal
SR-100503,2026-06-09T20:24:41.398203Z,2026-06-10T13:11:21.477106Z,Closed,High,Delivery & Fulfillment,Address correction,North Service Center,Customer Care,E. Thompson,Mobile,16,16.78,No,4,2026-06-10T13:11:21.477106Z,Field App
SR-100516,2026-06-10T08:07:54.446222Z,2026-06-11T20:53:32.695663Z,Closed,Normal,Permit & Compliance,Policy clarification,West Service Center,Compliance Services,G. Baker,Mobile,48,36.76,No,4,2026-06-11T20:53:32.695663Z,Contact Center
SR-100517,2026-06-10T08:37:04.313691Z,2026-06-10T14:16:15.248728Z,Closed,Normal,Account Access,Password reset,Central Service Center,Technical Support,J. Brooks,Mobile,48,5.65,No,5,2026-06-10T14:16:15.248728Z,Contact Center
SR-100514,2026-06-10T11:09:20.345464Z,2026-06-12T06:21:54.258898Z,Closed,Low,Equipment & Maintenance,Preventive maintenance,South Service Center,Field Operations,N. Lewis,Walk-in,96,43.21,No,,2026-06-12T06:21:54.258898Z,Service Portal
SR-100521,2026-06-10T11:20:01.831406Z,2026-06-12T03:52:10.429863Z,Closed,Normal,Billing & Payments,Invoice question,South Service Center,Billing Operations,C. Davis,Mobile,48,40.54,No,4,2026-06-12T03:52:10.429863Z,Contact Center
SR-100520,2026-06-10T11:50:01.411798Z,2026-06-11T21:59:11.592785Z,Closed,Normal,Delivery & Fulfillment,Late delivery,South Service Center,Customer Care,K. Johnson,Email,48,34.15,No,4,2026-06-11T21:59:11.592785Z,Contact Center
SR-100522,2026-06-10T12:38:18.964559Z,2026-06-11T08:14:23.318824Z,Closed,Normal,General Inquiry,Feedback,West Service Center,Customer Care,K. Johnson,Web,48,19.60,No,4,2026-06-11T08:14:23.318824Z,Contact Center
SR-100512,2026-06-10T16:02:04.445366Z,2026-06-11T01:18:03.184129Z,Closed,Normal,Account Access,Identity verification,South Service Center,Technical Support,J. Brooks,Mobile,48,9.27,No,4,2026-06-11T01:18:03.184129Z,Service Portal
SR-100513,2026-06-10T18:05:58.024600Z,2026-06-13T06:27:10.850170Z,Closed,High,Billing & Payments,Invoice question,West Service Center,Billing Operations,C. Davis,Walk-in,16,60.35,No,4,2026-06-13T06:27:10.850170Z,Service Portal
SR-100524,2026-06-10T19:27:46.047873Z,2026-06-15T08:00:10.672434Z,Closed,Normal,Delivery & Fulfillment,Late delivery,North Service Center,Customer Care,D. Wilson,Walk-in,48,108.54,No,,2026-06-15T08:00:10.672434Z,Field App
SR-100518,2026-06-10T19:55:16.593460Z,2026-06-14T04:49:01.898160Z,Closed,Normal,Equipment & Maintenance,Preventive maintenance,Central Service Center,Field Operations,N. Lewis,Phone,48,80.90,No,,2026-06-14T04:49:01.898160Z,Service Portal
SR-100519,2026-06-10T20:12:24.262498Z,2026-06-11T23:44:34.118908Z,Closed,High,Account Access,Permission request,Remote,Technical Support,M. Chen,Walk-in,16,27.54,Yes,3,2026-06-11T23:44:34.118908Z,Service Portal
SR-100523,2026-06-10T20:17:44.686328Z,2026-06-13T10:08:39.711672Z,Closed,Normal,Equipment & Maintenance,Replacement request,,Field Operations,H. Clark,Email,48,61.85,No,4,2026-06-13T10:08:39.711672Z,Field App
SR-100515,2026-06-10T20:25:55.435809Z,2026-06-12T05:52:06.230963Z,Closed,Normal,Permit & Compliance,Documentation review,West Service Center,Compliance Services,G. Baker,Mobile,48,33.44,No,4,2026-06-12T05:52:06.230963Z,Contact Center
SR-100534,2026-06-11T08:14:21.046362Z,2026-06-11T20:39:39.289670Z,Closed,Normal,Account Access,Password reset,West Service Center,Technical Support,M. Chen,Web,48,12.42,No,4,2026-06-11T20:39:39.289670Z,Service Portal
SR-100527,2026-06-11T08:27:08.681208Z,2026-06-11T22:17:37.583371Z,Closed,High,Account Access,Password reset,South Service Center,Technical Support,J. Brooks,Mobile,16,13.84,No,4,2026-06-11T22:17:37.583371Z,Contact Center
SR-100530,2026-06-11T10:48:39.894843Z,2026-06-13T14:31:48.570339Z,Closed,High,Delivery & Fulfillment,Late delivery,Central Service Center,Customer Care,B. Martin,Mobile,16,51.72,No,5,2026-06-13T14:31:48.570339Z,Contact Center
SR-100535,2026-06-11T11:14:38.143700Z,2026-06-11T21:09:16.750733Z,Closed,Low,Account Access,Identity verification,North Service Center,Technical Support,S. Rivera,Web,96,9.91,No,4,2026-06-11T21:09:16.750733Z,Service Portal
SR-100533,2026-06-11T12:54:12.925118Z,2026-06-12T01:22:58.987514Z,Closed,High,Account Access,Permission request,Central Service Center,Technical Support,A. Patel,Email,16,12.48,Yes,5,2026-06-12T01:22:58.987514Z,Service Portal
SR-100528,2026-06-11T13:28:43.651738Z,2026-06-13T00:36:10.193751Z,Closed,Normal,Equipment & Maintenance,Replacement request,South Service Center,Field Operations,P. Garcia,Mobile,48,35.12,No,4,2026-06-13T00:36:10.193751Z,Service Portal
SR-100532,2026-06-11T13:57:44.820360Z,2026-06-14T10:56:54.557182Z,Closed,Low,Permit & Compliance,Policy clarification,Remote,Compliance Services,I. Adams,Walk-in,96,68.99,No,,2026-06-14T10:56:54.557182Z,Service Portal
SR-100531,2026-06-11T14:22:15.577702Z,2026-06-12T00:45:58.583193Z,Closed,High,Account Access,Permission request,Remote,Technical Support,M. Chen,Email,16,10.40,Yes,,2026-06-12T00:45:58.583193Z,Service Portal
SR-100529,2026-06-11T14:48:51.885709Z,2026-06-12T00:16:28.046659Z,Closed,Low,Account Access,Password reset,Central Service Center,Technical Support,A. Patel,Web,96,9.46,No,,2026-06-12T00:16:28.046659Z,Service Portal
SR-100525,2026-06-11T19:35:46.361071Z,2026-06-14T12:38:13.454558Z,Closed,Low,Permit & Compliance,Application status,Remote,Compliance Services,F. Wright,Mobile,96,65.04,No,5,2026-06-14T12:38:13.454558Z,Contact Center
SR-100526,2026-06-11T19:36:47.932885Z,2026-06-12T08:44:50.278116Z,Closed,Normal,Account Access,Permission request,Central Service Center,Technical Support,S. Rivera,Web,48,13.13,No,4,2026-06-12T08:44:50.278116Z,Service Portal
SR-100544,2026-06-12T07:50:31.649300Z,2026-06-15T06:07:40.345731Z,Closed,Normal,Permit & Compliance,Documentation review,South Service Center,Compliance Services,O. Scott,Web,48,70.29,No,4,2026-06-15T06:07:40.345731Z,Contact Center
SR-100543,2026-06-12T08:29:14.437534Z,2026-06-16T10:31:52.443492Z,Closed,Normal,Delivery & Fulfillment,Late delivery,South Service Center,Customer Care,K. Johnson,Mobile,48,98.04,No,,2026-06-16T10:31:52.443492Z,Service Portal
SR-100548,2026-06-12T09:20:52.657613Z,2026-06-14T23:54:04.871463Z,Closed,Low,Delivery & Fulfillment,Address correction,Remote,Customer Care,D. Wilson,Mobile,96,62.55,No,4,2026-06-14T23:54:04.871463Z,Service Portal
SR-100538,2026-06-12T10:43:38.321861Z,2026-06-14T11:14:59.207908Z,Closed,Normal,Permit & Compliance,Policy clarification,West Service Center,Compliance Services,G. Baker,Mobile,48,48.52,No,4,2026-06-14T11:14:59.207908Z,Field App
SR-100551,2026-06-12T11:47:17.975273Z,2026-06-14T09:02:51.625267Z,Closed,High,Billing & Payments,Invoice question,Central Service Center,Billing Operations,L. Moore,Mobile,16,45.26,No,4,2026-06-14T09:02:51.625267Z,Contact Center
SR-100550,2026-06-12T11:47:30.106090Z,2026-06-12T21:20:07.883579Z,Closed,Normal,Account Access,Permission request,Central Service Center,Technical Support,S. Rivera,Walk-in,48,9.54,Yes,4,2026-06-12T21:20:07.883579Z,Contact Center
SR-100541,2026-06-12T12:36:05.397878Z,2026-06-13T04:50:09.432011Z,Closed,Critical,Equipment & Maintenance,Replacement request,South Service Center,Field Operations,V. Hall,Web,4,16.23,No,5,2026-06-13T04:50:09.432011Z,Service Portal
SR-100547,2026-06-12T13:30:32.466561Z,2026-06-13T07:23:16.097505Z,Closed,Normal,General Inquiry,Service information,Remote,Customer Care,K. Johnson,Walk-in,48,17.88,No,,2026-06-13T07:23:16.097505Z,Contact Center
SR-100545,2026-06-12T13:49:10.493020Z,2026-06-14T16:11:05.203046Z,Closed,Normal,Permit & Compliance,Policy clarification,Central Service Center,Compliance Services,I. Adams,Phone,48,50.37,No,,2026-06-14T16:11:05.203046Z,Service Portal
SR-100546,2026-06-12T13:55:16.082632Z,2026-06-13T03:11:28.664505Z,Closed,Normal,General Inquiry,Feedback,North Service Center,Customer Care,B. Martin,Phone,48,13.27,No,4,2026-06-13T03:11:28.664505Z,Service Portal
SR-100540,2026-06-12T14:11:19.691098Z,2026-06-15T00:51:47.465629Z,Closed,Normal,Equipment & Maintenance,Preventive maintenance,West Service Center,Field Operations,H. Clark,Web,48,58.67,No,3,2026-06-15T00:51:47.465629Z,Service Portal
SR-100537,2026-06-12T15:24:33.288721Z,2026-06-16T09:39:17.929454Z,Closed,Normal,Equipment & Maintenance,Preventive maintenance,Remote,Field Operations,V. Hall,Web,48,90.25,No,,2026-06-16T09:39:17.929454Z,Service Portal
SR-100542,2026-06-12T17:24:07.036537Z,2026-06-14T05:29:37.796438Z,Closed,Normal,Delivery & Fulfillment,Address correction,,Customer Care,B. Martin,Walk-in,48,36.09,No,,2026-06-14T05:29:37.796438Z,Field App
SR-100536,2026-06-12T18:03:13.793369Z,2026-06-13T05:03:41.896006Z,Closed,Normal,General Inquiry,Feedback,West Service Center,Customer Care,K. Johnson,Phone,48,11.01,No,3,2026-06-13T05:03:41.896006Z,Field App
SR-100539,2026-06-12T18:07:09.206747Z,2026-06-14T07:04:50.335871Z,Closed,High,Delivery & Fulfillment,Damaged item,Remote,Customer Care,D. Wilson,Web,16,36.96,No,3,2026-06-14T07:04:50.335871Z,Contact Center
SR-100549,2026-06-12T19:47:15.343630Z,2026-06-16T01:18:49.538495Z,Closed,Normal,Equipment & Maintenance,Device repair,South Service Center,Field Operations,H. Clark,Web,48,77.53,No,4,2026-06-16T01:18:49.538495Z,Contact Center
SR-100562,2026-06-13T08:03:46.935242Z,2026-06-13T18:00:08.639714Z,Closed,Critical,Delivery & Fulfillment,Damaged item,Central Service Center,Customer Care,B. Martin,Phone,4,9.94,No,,2026-06-13T18:00:08.639714Z,Contact Center
SR-100554,2026-06-13T10:56:02.558082Z,2026-06-14T18:09:43.352875Z,Closed,Normal,Delivery & Fulfillment,Address correction,Remote,Customer Care,K. Johnson,Walk-in,48,31.23,No,4,2026-06-14T18:09:43.352875Z,Contact Center
SR-100561,2026-06-13T11:53:57.044863Z,2026-06-16T16:03:53.293120Z,Closed,Low,Billing & Payments,Invoice question,Central Service Center,Billing Operations,T. Nguyen,Walk-in,96,76.17,Yes,,2026-06-16T16:03:53.293120Z,Service Portal
SR-100559,2026-06-13T12:45:57.329101Z,2026-06-14T17:05:02.967716Z,Closed,Normal,Account Access,Permission request,North Service Center,Technical Support,M. Chen,Email,48,28.32,No,,2026-06-14T17:05:02.967716Z,Service Portal
SR-100553,2026-06-13T13:30:18.667762Z,2026-06-18T02:57:22.382642Z,Closed,High,Equipment & Maintenance,Replacement request,South Service Center,Field Operations,V. Hall,Phone,16,109.45,No,,2026-06-18T02:57:22.382642Z,Contact Center
SR-100558,2026-06-13T14:24:07.253835Z,2026-06-15T23:12:21.653956Z,Closed,Normal,Billing & Payments,Refund request,North Service Center,Billing Operations,C. Davis,Walk-in,48,56.80,No,4,2026-06-15T23:12:21.653956Z,Service Portal
SR-100557,2026-06-13T14:31:25.882091Z,2026-06-14T16:05:14.264478Z,Closed,Critical,Equipment & Maintenance,Preventive maintenance,West Service Center,Field Operations,P. Garcia,Web,4,25.56,No,,2026-06-14T16:05:14.264478Z,Service Portal
SR-100556,2026-06-13T16:08:17.417938Z,2026-06-14T05:55:44.015072Z,Closed,Normal,Account Access,Permission request,Central Service Center,Technical Support,S. Rivera,Web,48,13.79,No,,2026-06-14T05:55:44.015072Z,Contact Center
SR-100552,2026-06-13T17:54:55.866033Z,2026-06-17T11:43:06.004722Z,Closed,Normal,Delivery & Fulfillment,Damaged item,South Service Center,Customer Care,K. Johnson,Mobile,48,89.80,No,4,2026-06-17T11:43:06.004722Z,Service Portal
SR-100555,2026-06-13T18:35:18.790891Z,2026-06-14T04:31:46.038817Z,Closed,Normal,General Inquiry,Feedback,Remote,Customer Care,D. Wilson,Web,48,9.94,No,5,2026-06-14T04:31:46.038817Z,Service Portal
SR-100560,2026-06-13T20:42:52.011681Z,2026-06-14T08:01:47.877136Z,Closed,High,Billing & Payments,Payment failure,Central Service Center,Billing Operations,T. Nguyen,Phone,16,11.32,No,4,2026-06-14T08:01:47.877136Z,Service Portal
SR-100568,2026-06-14T07:18:25.878950Z,2026-06-14T17:36:04.684226Z,Closed,Normal,Account Access,Identity verification,Central Service Center,Technical Support,M. Chen,Web,48,10.29,No,,2026-06-14T17:36:04.684226Z,Service Portal
SR-100566,2026-06-14T15:38:14.179237Z,2026-06-16T19:10:14.509923Z,Closed,Normal,Delivery & Fulfillment,Late delivery,South Service Center,Customer Care,D. Wilson,Phone,48,51.53,No,,2026-06-16T19:10:14.509923Z,Field App
SR-100563,2026-06-14T15:58:03.832059Z,2026-06-15T08:03:43.469979Z,Closed,Normal,Permit & Compliance,Application status,Remote,Compliance Services,F. Wright,Walk-in,48,16.09,No,4,2026-06-15T08:03:43.469979Z,Field App
SR-100564,2026-06-14T18:16:49.249715Z,2026-06-14T23:23:32.833024Z,Closed,Normal,Account Access,Password reset,Central Service Center,Technical Support,J. Brooks,Mobile,48,5.11,Yes,,2026-06-14T23:23:32.833024Z,Service Portal
SR-100565,2026-06-14T20:33:54.539153Z,2026-06-16T12:35:26.500709Z,Closed,Normal,Delivery & Fulfillment,Address correction,South Service Center,Customer Care,E. Thompson,Web,48,40.03,No,5,2026-06-16T12:35:26.500709Z,Service Portal
SR-100567,2026-06-14T20:39:46.360989Z,2026-06-15T12:12:50.298090Z,Closed,Normal,Account Access,Identity verification,North Service Center,Technical Support,M. Chen,Phone,48,15.55,No,5,2026-06-15T12:12:50.298090Z,Service Portal
SR-100581,2026-06-15T07:25:01.527455Z,2026-06-16T09:58:32.993140Z,Closed,Normal,Account Access,Permission request,West Service Center,Technical Support,M. Chen,Web,48,26.56,No,4,2026-06-16T09:58:32.993140Z,Contact Center
SR-100573,2026-06-15T08:10:21.307569Z,2026-06-16T06:42:11.817870Z,Closed,Normal,Billing & Payments,Invoice question,Central Service Center,Billing Operations,T. Nguyen,Web,48,22.53,No,4,2026-06-16T06:42:11.817870Z,Service Portal
SR-100576,2026-06-15T08:16:24.723550Z,2026-06-15T13:11:44.063866Z,Closed,Critical,General Inquiry,Feedback,North Service Center,Customer Care,E. Thompson,Mobile,4,4.92,No,3,2026-06-15T13:11:44.063866Z,Service Portal
SR-100574,2026-06-15T08:55:11.069330Z,2026-06-16T05:00:58.271948Z,Closed,Normal,Billing & Payments,Refund request,Central Service Center,Billing Operations,C. Davis,Email,48,20.10,No,4,2026-06-16T05:00:58.271948Z,Contact Center
SR-100584,2026-06-15T09:38:17.008091Z,2026-06-16T06:24:22.155003Z,Closed,Normal,Account Access,Password reset,South Service Center,Technical Support,S. Rivera,Mobile,48,20.77,Yes,,2026-06-16T06:24:22.155003Z,Field App
SR-100582,2026-06-15T09:40:12.049343Z,2026-06-16T05:18:33.754797Z,Closed,High,Account Access,Password reset,West Service Center,Technical Support,J. Brooks,Phone,16,19.64,No,,2026-06-16T05:18:33.754797Z,Service Portal
SR-100579,2026-06-15T11:15:35.682720Z,2026-06-19T06:46:25.052587Z,Closed,High,Equipment & Maintenance,Device repair,South Service Center,Field Operations,V. Hall,Web,16,91.51,No,4,2026-06-19T06:46:25.052587Z,Field App
SR-100583,2026-06-15T13:50:27.391391Z,2026-06-15T20:34:08.062111Z,Closed,Normal,Account Access,Permission request,West Service Center,Technical Support,S. Rivera,Phone,48,6.73,Yes,,2026-06-15T20:34:08.062111Z,Service Portal
SR-100572,2026-06-15T14:13:17.693311Z,2026-06-17T10:47:29.026255Z,Closed,Normal,Account Access,Permission request,Central Service Center,Technical Support,J. Brooks,Web,48,44.57,No,5,2026-06-17T10:47:29.026255Z,Service Portal
SR-100571,2026-06-15T16:14:08.369606Z,2026-06-17T01:55:19.138727Z,Closed,Normal,Permit & Compliance,Application status,North Service Center,Compliance Services,G. Baker,Walk-in,48,33.69,No,,2026-06-17T01:55:19.138727Z,Service Portal
SR-100580,2026-06-15T16:47:23.383999Z,2026-06-16T05:22:27.022789Z,Closed,High,Account Access,Permission request,South Service Center,Technical Support,S. Rivera,Mobile,16,12.58,No,4,2026-06-16T05:22:27.022789Z,Service Portal
SR-100577,2026-06-15T18:16:41.069447Z,2026-06-16T23:34:16.909406Z,Closed,Normal,General Inquiry,Status request,Central Service Center,Customer Care,D. Wilson,Walk-in,48,29.29,No,5,2026-06-16T23:34:16.909406Z,Contact Center
SR-100570,2026-06-15T18:28:49.683670Z,2026-06-15T23:07:58.642346Z,Closed,High,Account Access,Identity verification,Remote,Technical Support,J. Brooks,Phone,16,4.65,No,5,2026-06-15T23:07:58.642346Z,Service Portal
SR-100575,2026-06-15T18:50:20.776644Z,2026-06-16T20:00:59.627961Z,Closed,High,Permit & Compliance,Policy clarification,West Service Center,Compliance Services,O. Scott,Web,16,25.18,No,4,2026-06-16T20:00:59.627961Z,Contact Center
SR-100569,2026-06-15T19:08:11.316609Z,2026-06-17T01:32:33.782703Z,Closed,Normal,Billing & Payments,Invoice question,Central Service Center,Billing Operations,C. Davis,Web,48,30.41,No,4,2026-06-17T01:32:33.782703Z,Contact Center
SR-100578,2026-06-15T21:19:10.535546Z,2026-06-19T09:12:09.765876Z,Closed,Normal,Permit & Compliance,Documentation review,Central Service Center,Compliance Services,G. Baker,Web,48,83.88,No,4,2026-06-19T09:12:09.765876Z,Service Portal
SR-100589,2026-06-16T08:06:07.376299Z,2026-06-19T14:18:37.334744Z,Closed,Normal,Equipment & Maintenance,Preventive maintenance,Central Service Center,Field Operations,V. Hall,Mobile,48,78.21,No,4,2026-06-19T14:18:37.334744Z,Service Portal
SR-100585,2026-06-16T08:07:31.814965Z,2026-06-16T19:55:21.786759Z,Closed,Normal,Account Access,Permission request,Central Service Center,Technical Support,S. Rivera,Web,48,11.80,No,5,2026-06-16T19:55:21.786759Z,Service Portal
SR-100587,2026-06-16T08:38:19.524087Z,2026-06-19T11:58:11.293786Z,Closed,Normal,Permit & Compliance,Documentation review,North Service Center,Compliance Services,G. Baker,Walk-in,48,75.33,No,3,2026-06-19T11:58:11.293786Z,Field App
SR-100586,2026-06-16T09:50:35.330955Z,2026-06-19T16:25:49.772324Z,Closed,Low,Billing & Payments,Payment failure,South Service Center,Billing Operations,L. Moore,Email,96,78.59,No,4,2026-06-19T16:25:49.772324Z,Service Portal
SR-100591,2026-06-16T14:04:22.116880Z,2026-06-17T02:25:47.546267Z,Closed,High,Billing & Payments,Invoice question,Central Service Center,Billing Operations,C. Davis,Phone,16,12.36,No,5,2026-06-17T02:25:47.546267Z,Service Portal
SR-100593,2026-06-16T15:45:52.897588Z,2026-06-20T09:18:11.235262Z,Closed,Low,Delivery & Fulfillment,Address correction,West Service Center,Customer Care,B. Martin,Phone,96,89.54,No,5,2026-06-20T09:18:11.235262Z,Contact Center
SR-100592,2026-06-16T15:55:37.675053Z,2026-06-18T13:29:27.629082Z,Closed,High,Billing & Payments,Refund request,North Service Center,Billing Operations,R. Williams,Web,16,45.56,Yes,3,2026-06-18T13:29:27.629082Z,Service Portal
SR-100590,2026-06-16T19:02:14.205672Z,2026-06-19T11:08:46.355244Z,Closed,Low,Permit & Compliance,Documentation review,South Service Center,Compliance Services,G. Baker,Mobile,96,64.11,Yes,4,2026-06-19T11:08:46.355244Z,Service Portal
SR-100588,2026-06-16T20:28:13.350745Z,2026-06-17T13:50:46.836620Z,Closed,High,General Inquiry,Feedback,West Service Center,Customer Care,B. Martin,Email,16,17.38,No,4,2026-06-17T13:50:46.836620Z,Service Portal
SR-100599,2026-06-17T08:26:26.864702Z,2026-06-18T00:29:05.913562Z,Closed,Normal,Account Access,Password reset,Remote,Technical Support,S. Rivera,Mobile,48,16.04,No,4,2026-06-18T00:29:05.913562Z,Service Portal
SR-100598,2026-06-17T11:52:23.089521Z,2026-06-18T09:58:28.205954Z,Closed,Critical,Delivery & Fulfillment,Late delivery,Central Service Center,Customer Care,D. Wilson,Web,4,22.10,No,,2026-06-18T09:58:28.205954Z,Contact Center
SR-100597,2026-06-17T17:14:45.423579Z,2026-06-18T01:17:34.139505Z,Closed,Normal,Account Access,Identity verification,North Service Center,Technical Support,A. Patel,Web,48,8.05,No,4,2026-06-18T01:17:34.139505Z,Service Portal
SR-100595,2026-06-17T18:05:29.676424Z,2026-06-20T00:50:29.790050Z,Closed,Normal,Permit & Compliance,Documentation review,Remote,Compliance Services,O. Scott,Web,48,54.75,No,,2026-06-20T00:50:29.790050Z,Service Portal
SR-100596,2026-06-17T18:59:17.647866Z,2026-06-19T08:21:54.245030Z,Closed,Normal,Permit & Compliance,Application status,Remote,Compliance Services,G. Baker,Email,48,37.38,No,,2026-06-19T08:21:54.245030Z,Contact Center
SR-100594,2026-06-17T19:51:23.816343Z,2026-06-19T01:29:33.630377Z,Closed,Normal,Delivery & Fulfillment,Address correction,South Service Center,Customer Care,E. Thompson,Walk-in,48,29.64,No,4,2026-06-19T01:29:33.630377Z,Service Portal
SR-100604,2026-06-18T09:23:05.330544Z,2026-06-19T00:35:20.752835Z,Closed,Low,Account Access,Permission request,Remote,Technical Support,S. Rivera,Walk-in,96,15.20,Yes,4,2026-06-19T00:35:20.752835Z,Contact Center
SR-100613,2026-06-18T09:34:56.014843Z,2026-06-18T20:20:56.515935Z,Closed,Normal,Account Access,Password reset,West Service Center,Technical Support,A. Patel,Mobile,48,10.77,No,4,2026-06-18T20:20:56.515935Z,Service Portal
SR-100614,2026-06-18T11:14:45.048142Z,2026-06-18T14:13:34.125718Z,Closed,High,Account Access,Password reset,Central Service Center,Technical Support,S. Rivera,Mobile,16,2.98,Yes,4,2026-06-18T14:13:34.125718Z,Service Portal
SR-100600,2026-06-18T11:16:51.612848Z,2026-06-18T20:44:11.644226Z,Closed,Normal,Account Access,Permission request,Remote,Technical Support,J. Brooks,Mobile,48,9.46,No,4,2026-06-18T20:44:11.644226Z,Service Portal
SR-100606,2026-06-18T11:50:19.897139Z,2026-06-18T22:16:13.886480Z,Closed,Normal,General Inquiry,Feedback,West Service Center,Customer Care,B. Martin,Email,48,10.43,No,4,2026-06-18T22:16:13.886480Z,Field App
SR-100605,2026-06-18T11:55:48.890283Z,2026-06-19T21:15:47.206795Z,Closed,Normal,Delivery & Fulfillment,Late delivery,West Service Center,Customer Care,K. Johnson,Web,48,33.33,Yes,,2026-06-19T21:15:47.206795Z,Service Portal
SR-100601,2026-06-18T11:55:52.520288Z,2026-06-21T22:18:41.218446Z,Closed,Low,Permit & Compliance,Policy clarification,,Compliance Services,F. Wright,Mobile,96,82.38,No,5,2026-06-21T22:18:41.218446Z,Service Portal
SR-100609,2026-06-18T16:15:58.601477Z,2026-06-18T21:26:15.748817Z,Closed,Normal,General Inquiry,Feedback,North Service Center,Customer Care,K. Johnson,Web,48,5.17,No,,2026-06-18T21:26:15.748817Z,Service Portal
SR-100602,2026-06-18T16:35:45.441072Z,2026-06-20T01:48:47.627444Z,Closed,Normal,Delivery & Fulfillment,Address correction,West Service Center,Customer Care,D. Wilson,Phone,48,33.22,No,4,2026-06-20T01:48:47.627444Z,Service Portal
SR-100608,2026-06-18T17:38:18.944243Z,2026-06-19T08:26:38.434509Z,Closed,High,Billing & Payments,Payment failure,Central Service Center,Billing Operations,L. Moore,Web,16,14.81,No,,2026-06-19T08:26:38.434509Z,Field App
SR-100612,2026-06-18T17:39:13.518966Z,2026-06-21T15:46:37.245142Z,Closed,Normal,Permit & Compliance,Application status,North Service Center,Compliance Services,F. Wright,Web,48,70.12,No,,2026-06-21T15:46:37.245142Z,Service Portal
SR-100610,2026-06-18T17:50:44.945056Z,2026-06-21T19:40:42.588087Z,Closed,Low,Equipment & Maintenance,Replacement request,Central Service Center,Field Operations,V. Hall,Mobile,96,73.83,No,5,2026-06-21T19:40:42.588087Z,Service Portal
SR-100603,2026-06-18T18:32:58.953749Z,2026-06-19T14:51:42.316097Z,Closed,Low,General Inquiry,Feedback,Central Service Center,Customer Care,B. Martin,Web,96,20.31,No,4,2026-06-19T14:51:42.316097Z,Service Portal
SR-100607,2026-06-18T19:16:01.464609Z,2026-06-21T11:41:40.463402Z,Closed,Normal,Equipment & Maintenance,Preventive maintenance,Central Service Center,Field Operations,N. Lewis,Email,48,64.43,Yes,4,2026-06-21T11:41:40.463402Z,Service Portal
SR-100611,2026-06-18T20:31:50.530025Z,2026-06-20T01:32:39.890556Z,Closed,High,Permit & Compliance,Application status,North Service Center,Compliance Services,F. Wright,Web,16,29.01,No,3,2026-06-20T01:32:39.890556Z,Contact Center
SR-100620,2026-06-19T07:36:02.062759Z,2026-06-20T15:25:32.401836Z,Closed,Normal,Billing & Payments,Refund request,Central Service Center,Billing Operations,L. Moore,Web,48,31.83,No,,2026-06-20T15:25:32.401836Z,Service Portal
SR-100619,2026-06-19T07:49:31.628383Z,2026-06-23T22:01:24.940790Z,Closed,Normal,Permit & Compliance,Application status,South Service Center,Compliance Services,F. Wright,Phone,48,110.20,No,4,2026-06-23T22:01:24.940790Z,Contact Center
SR-100616,2026-06-19T13:05:22.512683Z,2026-06-20T11:45:35.293369Z,Closed,High,Billing & Payments,Payment failure,Central Service Center,Billing Operations,T. Nguyen,Mobile,16,22.67,No,,2026-06-20T11:45:35.293369Z,Contact Center
SR-100615,2026-06-19T14:39:37.767410Z,2026-06-22T02:00:10.324034Z,Closed,Low,Permit & Compliance,Application status,South Service Center,Compliance Services,O. Scott,Email,96,59.34,No,4,2026-06-22T02:00:10.324034Z,Service Portal
SR-100617,2026-06-19T16:13:51.860462Z,2026-06-20T02:48:08.477662Z,Closed,High,Account Access,Identity verification,North Service Center,Technical Support,A. Patel,Phone,16,10.57,No,5,2026-06-20T02:48:08.477662Z,Contact Center
SR-100621,2026-06-19T17:21:40.158213Z,2026-06-23T18:04:39.182119Z,Closed,Normal,Equipment & Maintenance,Replacement request,South Service Center,Field Operations,N. Lewis,Web,48,96.72,No,3,2026-06-23T18:04:39.182119Z,Contact Center
SR-100618,2026-06-19T18:21:28.167291Z,2026-06-21T17:04:04.021465Z,Closed,Normal,Permit & Compliance,Documentation review,North Service Center,Compliance Services,F. Wright,Phone,48,46.71,Yes,3,2026-06-21T17:04:04.021465Z,Service Portal
SR-100622,2026-06-19T19:52:33.434757Z,2026-06-20T13:29:09.251452Z,Closed,Critical,Delivery & Fulfillment,Address correction,Central Service Center,Customer Care,D. Wilson,Email,4,17.61,Yes,2,2026-06-20T13:29:09.251452Z,Service Portal
SR-100629,2026-06-20T08:40:47.890865Z,2026-06-21T07:33:37.958500Z,Closed,Normal,General Inquiry,Feedback,Remote,Customer Care,B. Martin,Email,48,22.88,No,,2026-06-21T07:33:37.958500Z,Service Portal
SR-100624,2026-06-20T09:59:16.413622Z,2026-06-21T02:14:20.107796Z,Closed,Normal,General Inquiry,Feedback,Remote,Customer Care,E. Thompson,Web,48,16.25,No,5,2026-06-21T02:14:20.107796Z,Service Portal
SR-100628,2026-06-20T14:14:52.209718Z,2026-06-21T00:39:21.549529Z,Closed,High,Account Access,Identity verification,Central Service Center,Technical Support,M. Chen,Web,16,10.41,No,,2026-06-21T00:39:21.549529Z,Service Portal
SR-100626,2026-06-20T14:46:51.711937Z,2026-06-21T00:32:21.235109Z,Closed,Normal,Account Access,Password reset,Remote,Technical Support,J. Brooks,Walk-in,48,9.76,No,,2026-06-21T00:32:21.235109Z,Service Portal
SR-100623,2026-06-20T17:36:19.895832Z,2026-06-21T07:05:50.225098Z,Closed,High,Account Access,Permission request,North Service Center,Technical Support,M. Chen,Mobile,16,13.49,No,5,2026-06-21T07:05:50.225098Z,Contact Center
SR-100630,2026-06-20T17:39:36.588637Z,2026-06-21T22:37:23.500487Z,Closed,High,Equipment & Maintenance,Preventive maintenance,Remote,Field Operations,N. Lewis,Walk-in,16,28.96,No,,2026-06-21T22:37:23.500487Z,Field App
SR-100625,2026-06-20T18:16:43.433166Z,2026-06-22T01:03:56.239364Z,Closed,Normal,Billing & Payments,Payment failure,North Service Center,Billing Operations,L. Moore,Web,48,30.79,No,5,2026-06-22T01:03:56.239364Z,Service Portal
SR-100627,2026-06-20T20:59:00.484944Z,2026-06-21T08:42:15.646196Z,Closed,Critical,Billing & Payments,Payment failure,South Service Center,Billing Operations,T. Nguyen,Email,4,11.72,No,3,2026-06-21T08:42:15.646196Z,Service Portal
SR-100634,2026-06-21T08:50:10.315798Z,2026-06-23T17:06:01.734941Z,Closed,Normal,Delivery & Fulfillment,Damaged item,South Service Center,Customer Care,K. Johnson,Mobile,48,56.26,No,3,2026-06-23T17:06:01.734941Z,Contact Center
SR-100635,2026-06-21T11:23:52.282881Z,2026-06-22T02:48:36.053124Z,Closed,Normal,Account Access,Identity verification,Central Service Center,Technical Support,A. Patel,Email,48,15.41,No,5,2026-06-22T02:48:36.053124Z,Service Portal
SR-100631,2026-06-21T13:05:02.523792Z,2026-06-24T08:33:14.706894Z,Closed,Normal,Delivery & Fulfillment,Damaged item,North Service Center,Customer Care,K. Johnson,Walk-in,48,67.47,No,,2026-06-24T08:33:14.706894Z,Service Portal
SR-100633,2026-06-21T13:08:17.867721Z,2026-06-24T02:14:02.627475Z,Closed,Normal,Delivery & Fulfillment,Damaged item,West Service Center,Customer Care,D. Wilson,Phone,48,61.10,No,4,2026-06-24T02:14:02.627475Z,Contact Center
SR-100632,2026-06-21T16:23:51.774693Z,2026-06-22T05:41:47.963896Z,Closed,High,Account Access,Password reset,South Service Center,Technical Support,A. Patel,Web,16,13.30,No,5,2026-06-22T05:41:47.963896Z,Service Portal
SR-100645,2026-06-22T07:50:59.616122Z,2026-06-23T19:20:30.272810Z,Closed,Normal,Delivery & Fulfillment,Address correction,South Service Center,Customer Care,B. Martin,Web,48,35.49,No,,2026-06-23T19:20:30.272810Z,Field App
SR-100643,2026-06-22T09:33:59.886399Z,2026-06-23T01:38:18.414624Z,Closed,Normal,General Inquiry,Feedback,North Service Center,Customer Care,B. Martin,Web,48,16.07,No,,2026-06-23T01:38:18.414624Z,Service Portal
SR-100644,2026-06-22T11:22:22.638142Z,2026-06-23T21:57:40.154042Z,Closed,Normal,Equipment & Maintenance,Preventive maintenance,Remote,Field Operations,N. Lewis,Mobile,48,34.59,No,5,2026-06-23T21:57:40.154042Z,Service Portal
SR-100641,2026-06-22T12:20:35.611056Z,2026-06-24T04:56:13.146631Z,Closed,Normal,Permit & Compliance,Policy clarification,Central Service Center,Compliance Services,G. Baker,Phone,48,40.59,No,,2026-06-24T04:56:13.146631Z,Service Portal
SR-100636,2026-06-22T12:40:13.481021Z,2026-06-24T18:51:43.446012Z,Closed,Normal,Delivery & Fulfillment,Address correction,West Service Center,Customer Care,E. Thompson,Web,48,54.19,No,4,2026-06-24T18:51:43.446012Z,Service Portal
SR-100638,2026-06-22T14:12:33.462727Z,2026-06-24T06:11:44.874083Z,Closed,Normal,Permit & Compliance,Documentation review,Remote,Compliance Services,O. Scott,Web,48,39.99,No,4,2026-06-24T06:11:44.874083Z,Service Portal
SR-100639,2026-06-22T15:04:48.790443Z,2026-06-27T22:19:55.994866Z,Closed,Low,Equipment & Maintenance,Replacement request,South Service Center,Field Operations,N. Lewis,Web,96,127.25,Yes,,2026-06-27T22:19:55.994866Z,Contact Center
SR-100640,2026-06-22T16:20:54.248416Z,2026-06-23T04:10:00.802583Z,Closed,Normal,Account Access,Identity verification,Central Service Center,Technical Support,S. Rivera,Web,48,11.82,No,3,2026-06-23T04:10:00.802583Z,Contact Center
SR-100642,2026-06-22T17:10:25.082860Z,2026-06-27T06:33:30.251065Z,Closed,Normal,Equipment & Maintenance,Device repair,Central Service Center,Field Operations,N. Lewis,Walk-in,48,109.38,Yes,3,2026-06-27T06:33:30.251065Z,Service Portal
SR-100637,2026-06-22T20:20:14.873351Z,2026-06-24T20:04:16.328432Z,Closed,High,Equipment & Maintenance,Device repair,North Service Center,Field Operations,V. Hall,Phone,16,47.73,No,4,2026-06-24T20:04:16.328432Z,Contact Center
SR-100646,2026-06-22T20:45:24.750267Z,2026-06-30T00:39:59.796175Z,Closed,Normal,Equipment & Maintenance,Preventive maintenance,North Service Center,Field Operations,P. Garcia,Web,48,171.91,No,4,2026-06-30T00:39:59.796175Z,Contact Center
SR-100651,2026-06-23T08:53:00.553172Z,2026-06-25T07:33:03.690720Z,Closed,Normal,Equipment & Maintenance,Preventive maintenance,Central Service Center,Field Operations,H. Clark,Web,48,46.67,No,,2026-06-25T07:33:03.690720Z,Field App
SR-100654,2026-06-23T09:16:21.095046Z,2026-06-23T20:35:27.697677Z,Closed,Normal,Account Access,Identity verification,West Service Center,Technical Support,M. Chen,Walk-in,48,11.32,No,4,2026-06-23T20:35:27.697677Z,Contact Center
SR-100647,2026-06-23T09:58:23.797308Z,2026-06-25T11:17:38.021157Z,Closed,Normal,Permit & Compliance,Application status,Central Service Center,Compliance Services,G. Baker,Web,48,49.32,No,,2026-06-25T11:17:38.021157Z,Field App
SR-100649,2026-06-23T10:54:28.764664Z,2026-06-25T10:46:01.738342Z,Closed,High,Delivery & Fulfillment,Late delivery,Remote,Customer Care,K. Johnson,Web,16,47.86,No,4,2026-06-25T10:46:01.738342Z,Service Portal
SR-100650,2026-06-23T11:55:29.216198Z,2026-06-25T03:13:20.790686Z,Closed,Normal,Delivery & Fulfillment,Address correction,Central Service Center,Customer Care,K. Johnson,Web,48,39.30,No,3,2026-06-25T03:13:20.790686Z,Service Portal
SR-100656,2026-06-23T13:08:56.506651Z,2026-06-27T20:51:20.810756Z,Closed,Normal,Equipment & Maintenance,Preventive maintenance,South Service Center,Field Operations,H. Clark,Mobile,48,103.71,No,,2026-06-27T20:51:20.810756Z,Contact Center
SR-100655,2026-06-23T15:26:30.581053Z,2026-06-25T07:14:05.731968Z,Closed,High,Equipment & Maintenance,Replacement request,Central Service Center,Field Operations,V. Hall,Mobile,16,39.79,No,4,2026-06-25T07:14:05.731968Z,Service Portal
SR-100653,2026-06-23T17:07:08.404304Z,,In Progress,Low,General Inquiry,Service information,Central Service Center,Customer Care,E. Thompson,Web,96,,No,,2026-06-26T15:14:56.150595Z,Service Portal
SR-100652,2026-06-23T17:38:49.024323Z,2026-06-24T04:26:38.759120Z,Closed,Normal,General Inquiry,Feedback,Central Service Center,Customer Care,D. Wilson,Web,48,10.80,No,5,2026-06-24T04:26:38.759120Z,Service Portal
SR-100648,2026-06-23T20:24:32.727229Z,2026-06-24T23:24:36.771257Z,Closed,Normal,General Inquiry,Status request,North Service Center,Customer Care,K. Johnson,Email,48,27.00,No,,2026-06-24T23:24:36.771257Z,Service Portal
SR-100667,2026-06-24T08:29:08.034712Z,2026-06-25T04:27:37.416324Z,Closed,Normal,General Inquiry,Status request,North Service Center,Customer Care,E. Thompson,Email,48,19.97,No,4,2026-06-25T04:27:37.416324Z,Service Portal
SR-100664,2026-06-24T09:41:55.984492Z,2026-06-26T10:50:23.263400Z,Closed,Normal,Equipment & Maintenance,Replacement request,South Service Center,Field Operations,V. Hall,Phone,48,49.14,No,4,2026-06-26T10:50:23.263400Z,Service Portal
SR-100659,2026-06-24T10:19:45.867319Z,2026-06-25T05:34:55.653226Z,Closed,High,Billing & Payments,Invoice question,Central Service Center,Billing Operations,T. Nguyen,Email,16,19.25,No,,2026-06-25T05:34:55.653226Z,Service Portal
SR-100663,2026-06-24T13:15:41.898413Z,2026-06-26T09:39:11.315980Z,Closed,Normal,Delivery & Fulfillment,Damaged item,Central Service Center,Customer Care,K. Johnson,Phone,48,44.39,No,5,2026-06-26T09:39:11.315980Z,Field App
SR-100661,2026-06-24T15:36:19.142832Z,2026-06-25T15:21:15.995245Z,Closed,Normal,General Inquiry,Status request,South Service Center,Customer Care,E. Thompson,Walk-in,48,23.75,No,4,2026-06-25T15:21:15.995245Z,Service Portal
SR-100658,2026-06-24T16:32:39.684764Z,2026-06-25T18:32:47.898360Z,Closed,Critical,Billing & Payments,Invoice question,West Service Center,Billing Operations,T. Nguyen,Email,4,26.00,No,4,2026-06-25T18:32:47.898360Z,Service Portal
SR-100662,2026-06-24T16:58:05.215221Z,2026-06-27T22:40:31.101933Z,Closed,Normal,Delivery & Fulfillment,Damaged item,South Service Center,Customer Care,E. Thompson,Web,48,77.71,No,4,2026-06-27T22:40:31.101933Z,Contact Center
SR-100657,2026-06-24T18:43:24.450082Z,2026-06-26T02:28:05.339244Z,Closed,Low,General Inquiry,Status request,Central Service Center,Customer Care,B. Martin,Web,96,31.74,No,5,2026-06-26T02:28:05.339244Z,Service Portal
SR-100666,2026-06-24T18:54:11.043607Z,2026-06-25T01:48:55.368974Z,Closed,Normal,General Inquiry,Status request,Central Service Center,Customer Care,D. Wilson,Email,48,6.91,No,4,2026-06-25T01:48:55.368974Z,Field App
SR-100660,2026-06-24T19:21:15.631798Z,2026-06-25T15:19:34.922386Z,Closed,Normal,Account Access,Permission request,West Service Center,Technical Support,S. Rivera,Web,48,19.97,No,5,2026-06-25T15:19:34.922386Z,Field App
SR-100665,2026-06-24T20:18:53.119774Z,2026-06-25T08:31:25.805409Z,Closed,Critical,Equipment & Maintenance,Device repair,Remote,Field Operations,N. Lewis,Walk-in,4,12.21,No,3,2026-06-25T08:31:25.805409Z,Field App
SR-100673,2026-06-25T07:57:33.779852Z,2026-06-26T22:57:28.138580Z,Closed,Low,General Inquiry,Service information,North Service Center,Customer Care,B. Martin,Web,96,39.00,No,4,2026-06-26T22:57:28.138580Z,Service Portal
SR-100671,2026-06-25T09:39:23.340610Z,2026-06-26T17:31:28.031862Z,Closed,Normal,Permit & Compliance,Application status,Central Service Center,Compliance Services,I. Adams,Web,48,31.87,No,4,2026-06-26T17:31:28.031862Z,Service Portal
SR-100674,2026-06-25T12:00:55.874465Z,2026-06-26T20:18:44.430303Z,Closed,High,Billing & Payments,Refund request,North Service Center,Billing Operations,C. Davis,Web,16,32.30,No,,2026-06-26T20:18:44.430303Z,Service Portal
SR-100672,2026-06-25T13:56:52.519022Z,2026-06-25T23:25:07.374996Z,Closed,Normal,Account Access,Permission request,Remote,Technical Support,J. Brooks,Mobile,48,9.47,No,4,2026-06-25T23:25:07.374996Z,Service Portal
SR-100668,2026-06-25T15:08:45.136832Z,2026-06-29T23:54:27.629410Z,Closed,Normal,Permit & Compliance,Application status,South Service Center,Compliance Services,G. Baker,Web,48,104.76,No,,2026-06-29T23:54:27.629410Z,Contact Center
SR-100676,2026-06-25T18:25:12.114900Z,2026-06-28T03:50:10.465361Z,Closed,Normal,Permit & Compliance,Application status,West Service Center,Compliance Services,F. Wright,Email,48,57.42,No,4,2026-06-28T03:50:10.465361Z,Service Portal
SR-100669,2026-06-25T18:48:30.861523Z,2026-06-30T05:07:45.034971Z,Closed,Low,Equipment & Maintenance,Replacement request,Remote,Field Operations,V. Hall,Web,96,106.32,No,3,2026-06-30T05:07:45.034971Z,Field App
SR-100670,2026-06-25T20:00:27.287004Z,2026-06-26T19:04:57.146996Z,Closed,Normal,Delivery & Fulfillment,Late delivery,North Service Center,Customer Care,K. Johnson,Web,48,23.07,No,5,2026-06-26T19:04:57.146996Z,Field App
SR-100675,2026-06-25T20:06:16.960704Z,2026-06-28T06:57:40.929197Z,Closed,Normal,Billing & Payments,Payment failure,Central Service Center,Billing Operations,R. Williams,Web,48,58.86,No,3,2026-06-28T06:57:40.929197Z,Service Portal
SR-100679,2026-06-26T09:41:55.889126Z,2026-06-29T00:37:52.394043Z,Closed,Normal,Permit & Compliance,Documentation review,West Service Center,Compliance Services,I. Adams,Mobile,48,62.93,No,3,2026-06-29T00:37:52.394043Z,Service Portal
SR-100687,2026-06-26T10:19:05.621202Z,2026-06-27T14:23:40.266455Z,Closed,High,Delivery & Fulfillment,Late delivery,Central Service Center,Customer Care,D. Wilson,Mobile,16,28.08,No,3,2026-06-27T14:23:40.266455Z,Field App
SR-100686,2026-06-26T12:19:05.840577Z,2026-06-26T22:49:14.217325Z,Closed,Normal,General Inquiry,Feedback,West Service Center,Customer Care,B. Martin,Email,48,10.50,No,5,2026-06-26T22:49:14.217325Z,Service Portal
SR-100678,2026-06-26T13:13:25.868454Z,2026-06-27T03:29:22.275763Z,Closed,Normal,Account Access,Permission request,Remote,Technical Support,A. Patel,Mobile,48,14.27,No,5,2026-06-27T03:29:22.275763Z,Service Portal
SR-100683,2026-06-26T13:36:19.476660Z,2026-06-26T20:00:15.660213Z,Closed,Normal,Account Access,Permission request,North Service Center,Technical Support,A. Patel,Web,48,6.40,No,3,2026-06-26T20:00:15.660213Z,Service Portal
SR-100677,2026-06-26T13:43:32.183449Z,2026-06-27T08:29:39.585968Z,Closed,Normal,Billing & Payments,Refund request,Central Service Center,Billing Operations,L. Moore,Mobile,48,18.77,No,5,2026-06-27T08:29:39.585968Z,Field App
SR-100688,2026-06-26T14:36:11.570331Z,2026-06-27T11:06:47.629129Z,Closed,High,Delivery & Fulfillment,Damaged item,Remote,Customer Care,B. Martin,Email,16,20.51,No,3,2026-06-27T11:06:47.629129Z,Field App
SR-100684,2026-06-26T15:12:50.968045Z,2026-06-27T16:09:18.076573Z,Closed,Normal,General Inquiry,Feedback,South Service Center,Customer Care,K. Johnson,Phone,48,24.94,No,,2026-06-27T16:09:18.076573Z,Service Portal
SR-100681,2026-06-26T16:01:26.228654Z,2026-06-27T13:18:28.545151Z,Closed,High,Delivery & Fulfillment,Late delivery,West Service Center,Customer Care,K. Johnson,Phone,16,21.28,No,3,2026-06-27T13:18:28.545151Z,Service Portal
SR-100685,2026-06-26T17:25:46.319612Z,2026-07-03T03:35:53.931656Z,Closed,Low,Equipment & Maintenance,Device repair,North Service Center,Field Operations,H. Clark,Web,96,154.17,No,,2026-07-03T03:35:53.931656Z,Service Portal
SR-100680,2026-06-26T18:20:08.599803Z,2026-06-27T19:06:27.903016Z,Closed,Normal,Account Access,Permission request,South Service Center,Technical Support,A. Patel,Email,48,24.77,No,4,2026-06-27T19:06:27.903016Z,Service Portal
SR-100682,2026-06-26T19:38:33.711697Z,2026-06-28T11:45:33.262600Z,Closed,High,Unmapped / Legacy,Documentation review,North Service Center,Compliance Services,O. Scott,Phone,16,40.12,No,4,2026-06-28T11:45:33.262600Z,Service Portal
SR-100692,2026-06-27T08:27:13.031863Z,2026-06-28T00:51:21.164344Z,Closed,Normal,Account Access,Permission request,North Service Center,Technical Support,A. Patel,Email,48,16.40,No,4,2026-06-28T00:51:21.164344Z,Service Portal
SR-100691,2026-06-27T08:56:48.729796Z,2026-06-28T03:44:19.495660Z,Closed,Normal,Account Access,Permission request,West Service Center,Technical Support,M. Chen,Web,48,18.79,No,5,2026-06-28T03:44:19.495660Z,Field App
SR-100695,2026-06-27T14:31:46.062218Z,2026-06-27T11:31:46.062218Z,Closed,High,Billing & Payments,Payment failure,South Service Center,Billing Operations,L. Moore,Email,16,-3,No,,2026-06-28T11:51:23.970860Z,Field App
SR-100693,2026-06-27T15:20:08.155061Z,2026-07-01T15:22:48.849791Z,Closed,High,Permit & Compliance,Policy clarification,North Service Center,Compliance Services,G. Baker,Phone,16,96.04,No,4,2026-07-01T15:22:48.849791Z,Contact Center
SR-100690,2026-06-27T16:43:24.216992Z,2026-06-29T21:33:51.226696Z,Closed,Normal,Equipment & Maintenance,Replacement request,,Field Operations,N. Lewis,Mobile,48,52.84,No,3,2026-06-29T21:33:51.226696Z,Service Portal
SR-100694,2026-06-27T17:47:58.513398Z,2026-07-01T00:55:25.008838Z,Closed,Low,Billing & Payments,Refund request,North Service Center,Billing Operations,T. Nguyen,Email,96,79.12,No,4,2026-07-01T00:55:25.008838Z,Service Portal
SR-100689,2026-06-27T19:40:15.057926Z,2026-06-28T11:15:20.429103Z,Closed,Low,Account Access,Password reset,West Service Center,Technical Support,M. Chen,Email,96,15.58,No,5,2026-06-28T11:15:20.429103Z,Service Portal
SR-100697,2026-06-28T08:11:05.486644Z,2026-06-30T00:52:45.069784Z,Closed,Normal,Equipment & Maintenance,Device repair,North Service Center,Field Operations,N. Lewis,Email,48,40.69,No,5,2026-06-30T00:52:45.069784Z,Field App
SR-100703,2026-06-28T09:06:25.664356Z,2026-06-28T17:56:55.926808Z,Closed,Low,Account Access,Password reset,Remote,Technical Support,M. Chen,Email,96,8.84,No,4,2026-06-28T17:56:55.926808Z,Field App
SR-100700,2026-06-28T09:48:26.987528Z,2026-06-30T01:26:33.880521Z,Closed,Low,Permit & Compliance,Application status,West Service Center,Compliance Services,G. Baker,Web,96,39.64,Yes,4,2026-06-30T01:26:33.880521Z,Service Portal
SR-100704,2026-06-28T09:49:58.067864Z,2026-06-29T22:18:16.595029Z,Closed,Normal,Permit & Compliance,Policy clarification,Remote,Compliance Services,I. Adams,Phone,48,36.47,No,4,2026-06-29T22:18:16.595029Z,Contact Center
SR-100705,2026-06-28T10:07:09.825563Z,2026-06-29T23:10:29.866330Z,Closed,Normal,Delivery & Fulfillment,Late delivery,Central Service Center,Customer Care,K. Johnson,Mobile,48,37.06,Yes,,2026-06-29T23:10:29.866330Z,Contact Center
SR-100696,2026-06-28T17:00:31.693044Z,2026-06-29T07:31:17.158122Z,Closed,Normal,General Inquiry,Feedback,Central Service Center,Customer Care,K. Johnson,Email,48,14.51,No,4,2026-06-29T07:31:17.158122Z,Field App
SR-100701,2026-06-28T17:32:55.683490Z,2026-06-29T13:18:00.883547Z,Closed,Normal,Account Access,Password reset,Remote,Technical Support,J. Brooks,Mobile,48,19.75,No,4,2026-06-29T13:18:00.883547Z,Service Portal
SR-100702,2026-06-28T17:55:30.929983Z,2026-06-29T00:56:12.374623Z,Closed,High,Account Access,Password reset,North Service Center,Technical Support,A. Patel,Web,16,7.01,No,4,2026-06-29T00:56:12.374623Z,Service Portal
SR-100699,2026-06-28T18:04:26.812723Z,2026-07-01T20:51:49.532369Z,Closed,Normal,Permit & Compliance,Application status,North Service Center,Compliance Services,F. Wright,Web,48,74.79,No,4,2026-07-01T20:51:49.532369Z,Field App
SR-100698,2026-06-28T20:22:53.332038Z,2026-06-30T18:20:44.329949Z,Closed,Normal,Delivery & Fulfillment,Damaged item,North Service Center,Customer Care,B. Martin,Web,48,45.96,No,5,2026-06-30T18:20:44.329949Z,Service Portal
SR-100706,2026-06-29T07:40:54.728642Z,2026-07-02T01:15:21.293944Z,Closed,Normal,Permit & Compliance,Application status,Remote,Compliance Services,G. Baker,Web,48,65.57,No,,2026-07-02T01:15:21.293944Z,Field App
SR-100712,2026-06-29T08:07:23.860149Z,2026-06-29T22:01:51.900912Z,Closed,High,Account Access,Identity verification,Central Service Center,Technical Support,A. Patel,Phone,16,13.91,No,,2026-06-29T22:01:51.900912Z,Contact Center
SR-100707,2026-06-29T09:11:41.979528Z,2026-07-01T09:29:28.395286Z,Closed,Normal,Permit & Compliance,Application status,Central Service Center,Compliance Services,F. Wright,Phone,48,48.30,No,3,2026-07-01T09:29:28.395286Z,Contact Center
SR-100709,2026-06-29T09:35:31.395786Z,2026-06-30T00:52:54.355161Z,Closed,High,Account Access,Identity verification,South Service Center,Technical Support,A. Patel,Mobile,16,15.29,No,5,2026-06-30T00:52:54.355161Z,Service Portal
SR-100708,2026-06-29T10:13:08.314425Z,2026-06-30T22:06:59.885486Z,Closed,High,Delivery & Fulfillment,Damaged item,North Service Center,Customer Care,D. Wilson,Web,16,35.90,No,4,2026-06-30T22:06:59.885486Z,Contact Center
SR-100711,2026-06-29T11:20:04.407757Z,2026-07-05T09:52:15.687248Z,Closed,Normal,Equipment & Maintenance,Device repair,South Service Center,Field Operations,H. Clark,Mobile,48,142.54,No,4,2026-07-05T09:52:15.687248Z,Field App
SR-100710,2026-06-29T13:56:28.000183Z,2026-06-30T17:03:33.634582Z,Closed,Normal,Delivery & Fulfillment,Damaged item,Central Service Center,Customer Care,D. Wilson,Web,48,27.12,No,4,2026-06-30T17:03:33.634582Z,Service Portal
SR-100714,2026-06-30T08:27:31.267836Z,2026-06-30T20:19:36.159934Z,Closed,High,Delivery & Fulfillment,Late delivery,North Service Center,Customer Care,B. Martin,Phone,16,11.87,No,3,2026-06-30T20:19:36.159934Z,Contact Center
SR-100726,2026-06-30T09:00:08.145928Z,2026-06-30T19:09:02.212913Z,Closed,Normal,Account Access,Permission request,North Service Center,Technical Support,S. Rivera,Email,48,10.15,No,4,2026-06-30T19:09:02.212913Z,Service Portal
SR-100719,2026-06-30T10:28:45.064403Z,2026-07-03T19:21:16.374300Z,Closed,Low,Permit & Compliance,Policy clarification,West Service Center,Compliance Services,O. Scott,Web,96,80.88,No,4,2026-07-03T19:21:16.374300Z,Service Portal
SR-100725,2026-06-30T12:10:59.135119Z,2026-07-04T02:06:09.901762Z,Closed,Normal,Equipment & Maintenance,Preventive maintenance,North Service Center,Field Operations,V. Hall,Mobile,48,85.92,No,4,2026-07-04T02:06:09.901762Z,Field App
SR-100715,2026-06-30T12:12:55.498084Z,2026-07-02T12:32:26.893810Z,Closed,Normal,Permit & Compliance,Policy clarification,,Compliance Services,F. Wright,Email,48,48.33,No,4,2026-07-02T12:32:26.893810Z,Service Portal
SR-100717,2026-06-30T13:40:09.909345Z,2026-07-04T06:03:45.419367Z,Closed,Normal,Permit & Compliance,Policy clarification,North Service Center,Compliance Services,I. Adams,Phone,48,88.39,No,4,2026-07-04T06:03:45.419367Z,Service Portal
SR-100718,2026-06-30T14:04:12.007090Z,2026-07-04T21:09:40.141727Z,Closed,Normal,Delivery & Fulfillment,Address correction,West Service Center,Customer Care,D. Wilson,Phone,48,103.09,No,3,2026-07-04T21:09:40.141727Z,Contact Center
SR-100722,2026-06-30T14:30:36.687600Z,2026-06-30T20:14:29.924455Z,Closed,Critical,General Inquiry,Feedback,South Service Center,Customer Care,K. Johnson,Email,4,5.73,No,4,2026-06-30T20:14:29.924455Z,Service Portal
SR-100716,2026-06-30T15:33:36.121316Z,2026-07-01T09:50:31.143602Z,Closed,Critical,Delivery & Fulfillment,Late delivery,Central Service Center,Customer Care,K. Johnson,Email,4,18.28,No,4,2026-07-01T09:50:31.143602Z,Contact Center
SR-100720,2026-06-30T18:11:54.956734Z,2026-07-04T07:05:42.427302Z,Closed,Normal,Delivery & Fulfillment,Late delivery,South Service Center,Customer Care,E. Thompson,Phone,48,84.90,No,3,2026-07-04T07:05:42.427302Z,Field App
SR-100721,2026-06-30T18:19:31.468196Z,2026-07-01T20:14:08.074945Z,Closed,Normal,General Inquiry,Service information,North Service Center,Customer Care,D. Wilson,Phone,48,25.91,No,4,2026-07-01T20:14:08.074945Z,Field App
SR-100713,2026-06-30T18:35:52.793559Z,2026-07-01T07:04:02.872620Z,Closed,Critical,Billing & Payments,Payment failure,Remote,Billing Operations,T. Nguyen,Phone,4,12.47,No,,2026-07-01T07:04:02.872620Z,Service Portal
SR-100723,2026-06-30T18:55:11.447579Z,2026-07-01T10:57:00.677261Z,Closed,Normal,Account Access,Identity verification,Remote,Technical Support,S. Rivera,Email,48,16.03,No,,2026-07-01T10:57:00.677261Z,Service Portal
SR-100724,2026-06-30T19:07:00.050343Z,2026-07-02T00:57:41.559031Z,Closed,Normal,Delivery & Fulfillment,Address correction,South Service Center,Customer Care,D. Wilson,Phone,48,29.84,No,4,2026-07-02T00:57:41.559031Z,Field App
SR-100733,2026-07-01T08:28:59.500956Z,2026-07-02T00:02:48.525879Z,Closed,Normal,Account Access,Permission request,North Service Center,Technical Support,S. Rivera,Email,48,15.56,No,,2026-07-02T00:02:48.525879Z,Service Portal
SR-100730,2026-07-01T10:26:59.024309Z,2026-07-01T21:45:00.465229Z,Closed,Normal,Account Access,Password reset,West Service Center,Technical Support,A. Patel,Web,48,11.30,No,3,2026-07-01T21:45:00.465229Z,Service Portal
SR-100727,2026-07-01T10:29:17.913453Z,2026-07-01T20:06:31.086411Z,Closed,Normal,Account Access,Identity verification,Remote,Technical Support,A. Patel,Email,48,9.62,No,4,2026-07-01T20:06:31.086411Z,Contact Center
SR-100731,2026-07-01T17:22:00.091706Z,2026-07-03T17:01:38.595937Z,Closed,Low,Permit & Compliance,Documentation review,Remote,Compliance Services,F. Wright,Walk-in,96,47.66,No,4,2026-07-03T17:01:38.595937Z,Service Portal
SR-100729,2026-07-01T18:21:12.776806Z,2026-07-02T03:15:55.881863Z,Closed,Low,Account Access,Permission request,Central Service Center,Technical Support,A. Patel,Walk-in,96,8.91,No,4,2026-07-02T03:15:55.881863Z,Service Portal
SR-100732,2026-07-01T18:37:45.325221Z,2026-07-02T05:14:24.630630Z,Closed,Normal,Billing & Payments,Invoice question,North Service Center,Billing Operations,C. Davis,Web,48,10.61,Yes,5,2026-07-02T05:14:24.630630Z,Contact Center
SR-100734,2026-07-01T19:52:06.109781Z,2026-07-02T03:04:53.038712Z,Closed,High,General Inquiry,Feedback,West Service Center,Customer Care,D. Wilson,Walk-in,16,7.21,No,5,2026-07-02T03:04:53.038712Z,Service Portal
SR-100728,2026-07-01T20:33:32.974022Z,2026-07-02T17:35:16.346308Z,Closed,High,Billing & Payments,Invoice question,Remote,Billing Operations,C. Davis,Email,16,21.03,No,3,2026-07-02T17:35:16.346308Z,Contact Center
SR-100740,2026-07-02T08:06:30.151226Z,2026-07-05T00:57:02.279604Z,Closed,High,Equipment & Maintenance,Device repair,Remote,Field Operations,P. Garcia,Web,16,64.84,No,3,2026-07-05T00:57:02.279604Z,Service Portal
SR-100743,2026-07-02T09:10:31.783468Z,2026-07-06T00:38:35.514531Z,Closed,Normal,Permit & Compliance,Policy clarification,North Service Center,Compliance Services,O. Scott,Mobile,48,87.47,No,,2026-07-06T00:38:35.514531Z,Field App
SR-100744,2026-07-02T12:28:40.949953Z,2026-07-05T18:44:41.049250Z,Closed,Normal,Equipment & Maintenance,Preventive maintenance,North Service Center,Field Operations,H. Clark,Web,48,78.27,No,4,2026-07-05T18:44:41.049250Z,Service Portal
SR-100735,2026-07-02T13:47:13.372185Z,2026-07-03T02:10:33.242706Z,Closed,High,Billing & Payments,Refund request,Remote,Billing Operations,T. Nguyen,Walk-in,16,12.39,No,,2026-07-03T02:10:33.242706Z,Field App
SR-100737,2026-07-02T14:40:58.729530Z,2026-07-03T20:37:30.377327Z,Closed,High,Permit & Compliance,Policy clarification,Central Service Center,Compliance Services,I. Adams,Web,16,29.94,No,4,2026-07-03T20:37:30.377327Z,Contact Center
SR-100738,2026-07-02T14:55:39.970362Z,2026-07-10T08:56:36.666131Z,Closed,Normal,Delivery & Fulfillment,Damaged item,West Service Center,Customer Care,E. Thompson,Phone,48,186.02,No,3,2026-07-10T08:56:36.666131Z,Service Portal
SR-100736,2026-07-02T15:34:54.991176Z,2026-07-03T00:20:08.268520Z,Closed,Normal,General Inquiry,Feedback,Central Service Center,Customer Care,B. Martin,Email,48,8.75,No,4,2026-07-03T00:20:08.268520Z,Contact Center
SR-100742,2026-07-02T17:23:07.841529Z,2026-07-03T04:56:00.028168Z,Closed,High,Account Access,Password reset,Central Service Center,Technical Support,A. Patel,Web,16,11.55,No,5,2026-07-03T04:56:00.028168Z,Service Portal
SR-100739,2026-07-02T18:54:18.249502Z,2026-07-04T02:50:46.557251Z,Closed,Normal,Billing & Payments,Refund request,Central Service Center,Billing Operations,C. Davis,Phone,48,31.94,No,,2026-07-04T02:50:46.557251Z,Service Portal
SR-100741,2026-07-02T19:49:54.824050Z,2026-07-04T09:59:04.428266Z,Closed,Low,Billing & Payments,Invoice question,Central Service Center,Billing Operations,R. Williams,Web,96,38.15,No,4,2026-07-04T09:59:04.428266Z,Service Portal
SR-100750,2026-07-03T08:02:49.140791Z,2026-07-05T14:26:57.400049Z,Closed,Low,General Inquiry,Status request,South Service Center,Customer Care,D. Wilson,Phone,96,54.40,No,,2026-07-05T14:26:57.400049Z,Contact Center
SR-100752,2026-07-03T08:22:34.250013Z,2026-07-03T22:36:10.936853Z,Closed,Normal,Billing & Payments,Refund request,Central Service Center,Billing Operations,R. Williams,Mobile,48,14.23,No,4,2026-07-03T22:36:10.936853Z,Contact Center
SR-100755,2026-07-03T11:06:04.879105Z,2026-07-04T11:36:15.543506Z,Closed,Normal,Billing & Payments,Payment failure,South Service Center,Billing Operations,R. Williams,Mobile,48,24.50,Yes,4,2026-07-04T11:36:15.543506Z,Field App
SR-100745,2026-07-03T12:43:10.011304Z,2026-07-03T21:36:04.063872Z,Closed,Normal,Account Access,Password reset,South Service Center,Technical Support,J. Brooks,Web,48,8.88,No,,2026-07-03T21:36:04.063872Z,Service Portal
SR-100746,2026-07-03T12:57:09.911396Z,2026-07-03T21:00:39.316399Z,Closed,Normal,General Inquiry,Service information,West Service Center,,B. Martin,Walk-in,48,8.06,No,,2026-07-03T21:00:39.316399Z,Contact Center
SR-100753,2026-07-03T17:04:23.190725Z,2026-07-05T14:28:22.695675Z,Closed,Low,Equipment & Maintenance,Preventive maintenance,Central Service Center,Field Operations,N. Lewis,Walk-in,96,45.40,No,5,2026-07-05T14:28:22.695675Z,Service Portal
SR-100747,2026-07-03T17:10:01.936136Z,2026-07-05T05:04:45.126252Z,Closed,Low,Billing & Payments,Refund request,Remote,Billing Operations,R. Williams,Web,96,35.91,No,4,2026-07-05T05:04:45.126252Z,Service Portal
SR-100751,2026-07-03T17:26:55.863393Z,2026-07-04T21:09:23.303769Z,Closed,Normal,Equipment & Maintenance,Replacement request,South Service Center,Field Operations,P. Garcia,Web,48,27.71,No,4,2026-07-04T21:09:23.303769Z,Service Portal
SR-100748,2026-07-03T17:42:16.884190Z,2026-07-07T18:59:53.308157Z,Closed,Normal,Equipment & Maintenance,Preventive maintenance,West Service Center,Field Operations,P. Garcia,Mobile,48,97.29,No,4,2026-07-07T18:59:53.308157Z,Service Portal
SR-100749,2026-07-03T20:50:10.418771Z,2026-07-04T06:26:16.225115Z,Closed,High,Account Access,Password reset,Central Service Center,Technical Support,M. Chen,Web,16,9.60,No,5,2026-07-04T06:26:16.225115Z,Service Portal
SR-100754,2026-07-03T20:58:03.723951Z,2026-07-05T01:16:38.641921Z,Closed,Normal,Account Access,Password reset,West Service Center,Technical Support,A. Patel,Phone,48,28.31,No,5,2026-07-05T01:16:38.641921Z,Service Portal
SR-100761,2026-07-04T07:28:43.764994Z,2026-07-06T02:46:53.405388Z,Closed,Low,Billing & Payments,Payment failure,West Service Center,Billing Operations,R. Williams,Web,96,43.30,No,4,2026-07-06T02:46:53.405388Z,Service Portal
SR-100758,2026-07-04T09:50:25.132853Z,2026-07-05T19:48:57.230719Z,Closed,High,Billing & Payments,Invoice question,Central Service Center,Billing Operations,T. Nguyen,Mobile,16,33.98,No,4,2026-07-05T19:48:57.230719Z,Contact Center
SR-100760,2026-07-04T12:16:33.704082Z,2026-07-04T17:17:40.313921Z,Closed,Normal,General Inquiry,Service information,Central Service Center,Customer Care,E. Thompson,Mobile,48,5.02,No,5,2026-07-04T17:17:40.313921Z,Service Portal
SR-100757,2026-07-04T12:27:43.151440Z,2026-07-06T14:10:24.808164Z,Closed,Normal,Permit & Compliance,Application status,Central Service Center,Compliance Services,O. Scott,Phone,48,49.71,No,3,2026-07-06T14:10:24.808164Z,Contact Center
SR-100762,2026-07-04T12:55:04.223818Z,2026-07-05T04:10:24.676942Z,Closed,Normal,Account Access,Permission request,South Service Center,Technical Support,M. Chen,Mobile,48,15.26,No,,2026-07-05T04:10:24.676942Z,Service Portal
SR-100763,2026-07-04T14:19:34.449150Z,2026-07-05T04:02:14.720260Z,Closed,Normal,Billing & Payments,Invoice question,Remote,Billing Operations,R. Williams,Phone,48,13.71,No,,2026-07-05T04:02:14.720260Z,Service Portal
SR-100756,2026-07-04T15:11:07.639104Z,2026-07-06T05:36:49.784339Z,Closed,High,Equipment & Maintenance,Device repair,Central Service Center,Field Operations,V. Hall,Mobile,16,38.43,No,4,2026-07-06T05:36:49.784339Z,Contact Center
SR-100759,2026-07-04T19:02:35.067902Z,2026-07-06T09:44:20.705489Z,Closed,Normal,General Inquiry,Feedback,West Service Center,Customer Care,B. Martin,Phone,48,38.70,No,4,2026-07-06T09:44:20.705489Z,Service Portal
SR-100765,2026-07-05T11:41:22.586649Z,2026-07-10T08:15:38.737340Z,Closed,Low,Permit & Compliance,Application status,West Service Center,Compliance Services,I. Adams,Web,96,116.57,No,3,2026-07-10T08:15:38.737340Z,Service Portal
SR-100766,2026-07-05T15:30:07.963709Z,2026-07-05T21:11:38.729240Z,Closed,High,General Inquiry,Status request,North Service Center,Customer Care,B. Martin,Phone,16,5.69,No,,2026-07-05T21:11:38.729240Z,Contact Center
SR-100767,2026-07-05T15:31:10.646171Z,2026-07-08T22:27:47.880574Z,Closed,Normal,Permit & Compliance,Policy clarification,Central Service Center,Compliance Services,F. Wright,Phone,48,78.94,No,2,2026-07-08T22:27:47.880574Z,Contact Center
SR-100764,2026-07-05T16:00:03.468111Z,2026-07-06T21:59:01.254534Z,Closed,Low,Billing & Payments,Invoice question,Central Service Center,Billing Operations,C. Davis,Web,96,29.98,Yes,4,2026-07-06T21:59:01.254534Z,Contact Center
SR-100768,2026-07-05T16:49:48.015088Z,2026-07-08T01:39:18.087433Z,Closed,Normal,Permit & Compliance,Documentation review,North Service Center,Compliance Services,F. Wright,Phone,48,56.83,No,4,2026-07-08T01:39:18.087433Z,Service Portal
SR-100776,2026-07-06T07:47:25.444104Z,2026-07-06T20:11:29.472721Z,Closed,Normal,Billing & Payments,Refund request,South Service Center,Billing Operations,R. Williams,Email,48,12.40,No,4,2026-07-06T20:11:29.472721Z,Service Portal
SR-100779,2026-07-06T09:00:20.742370Z,2026-07-10T09:00:43.242085Z,Closed,Low,Billing & Payments,Refund request,Central Service Center,Billing Operations,T. Nguyen,Web,96,96.01,No,,2026-07-10T09:00:43.242085Z,Service Portal
SR-100774,2026-07-06T10:54:24.858161Z,2026-07-11T16:22:27.595575Z,Closed,Low,Permit & Compliance,Documentation review,South Service Center,Compliance Services,G. Baker,Phone,96,125.47,No,3,2026-07-11T16:22:27.595575Z,Service Portal
SR-100778,2026-07-06T11:30:26.521554Z,2026-07-07T09:14:51.097174Z,Closed,Low,Account Access,Permission request,West Service Center,Technical Support,A. Patel,Walk-in,96,21.74,No,,2026-07-07T09:14:51.097174Z,Field App
SR-100777,2026-07-06T11:59:48.711939Z,2026-07-07T18:26:41.500838Z,Closed,Normal,Delivery & Fulfillment,Late delivery,Central Service Center,Customer Care,E. Thompson,Phone,48,30.45,No,4,2026-07-07T18:26:41.500838Z,Field App
SR-100771,2026-07-06T12:46:41.551721Z,2026-07-07T19:34:04.332404Z,Closed,Normal,Delivery & Fulfillment,Address correction,North Service Center,Customer Care,K. Johnson,Email,48,30.79,No,4,2026-07-07T19:34:04.332404Z,Service Portal
SR-100769,2026-07-06T13:20:52.181564Z,2026-07-06T21:29:06.900921Z,Closed,Critical,Delivery & Fulfillment,Late delivery,Central Service Center,Customer Care,K. Johnson,Email,4,8.14,Yes,,2026-07-06T21:29:06.900921Z,Contact Center
SR-100772,2026-07-06T13:30:54.098305Z,2026-07-09T17:05:55.787354Z,Closed,Normal,Equipment & Maintenance,Replacement request,Central Service Center,Field Operations,V. Hall,Email,48,75.58,No,5,2026-07-09T17:05:55.787354Z,Service Portal
SR-100775,2026-07-06T13:37:59.343193Z,2026-07-07T13:36:40.378264Z,Closed,Normal,Account Access,Password reset,South Service Center,Technical Support,J. Brooks,Web,48,23.98,No,3,2026-07-07T13:36:40.378264Z,Service Portal
SR-100773,2026-07-06T15:07:22.435207Z,2026-07-11T15:54:48.576079Z,Closed,Low,Delivery & Fulfillment,Address correction,South Service Center,Customer Care,B. Martin,Phone,96,120.79,No,4,2026-07-11T15:54:48.576079Z,Contact Center
SR-100781,2026-07-06T17:02:37.784484Z,2026-07-09T02:43:13.006494Z,Closed,Normal,Delivery & Fulfillment,Address correction,South Service Center,Customer Care,D. Wilson,Email,48,57.68,No,3,2026-07-09T02:43:13.006494Z,Service Portal
SR-100780,2026-07-06T17:10:59.412027Z,2026-07-07T23:03:55.540690Z,Closed,Normal,Billing & Payments,Invoice question,West Service Center,Billing Operations,L. Moore,Phone,48,29.88,No,,2026-07-07T23:03:55.540690Z,Contact Center
SR-100770,2026-07-06T18:27:01.097039Z,2026-07-09T13:21:59.383153Z,Closed,Low,Delivery & Fulfillment,Address correction,West Service Center,Customer Care,K. Johnson,Web,96,66.92,No,5,2026-07-09T13:21:59.383153Z,Contact Center
SR-100791,2026-07-07T07:55:09.172454Z,2026-07-07T16:51:57.210625Z,Closed,Normal,Account Access,Identity verification,South Service Center,Technical Support,J. Brooks,Mobile,48,8.95,No,,2026-07-07T16:51:57.210625Z,Field App
SR-100793,2026-07-07T09:05:57.990017Z,2026-07-09T00:28:41.857543Z,Closed,Low,Permit & Compliance,Documentation review,Remote,Compliance Services,F. Wright,Email,96,39.38,No,4,2026-07-09T00:28:41.857543Z,Service Portal
SR-100785,2026-07-07T09:39:37.638061Z,2026-07-14T13:16:38.165743Z,Closed,Normal,Equipment & Maintenance,Replacement request,Central Service Center,Field Operations,H. Clark,Phone,48,171.62,No,,2026-07-14T13:16:38.165743Z,Field App
SR-100788,2026-07-07T10:49:33.263912Z,2026-07-08T02:32:38.319054Z,Closed,Normal,General Inquiry,Feedback,West Service Center,Customer Care,D. Wilson,Phone,48,15.72,No,,2026-07-08T02:32:38.319054Z,Service Portal
SR-100784,2026-07-07T11:32:20.614141Z,2026-07-08T04:25:34.510270Z,Closed,High,Delivery & Fulfillment,Late delivery,Central Service Center,Customer Care,B. Martin,Web,16,16.89,No,3,2026-07-08T04:25:34.510270Z,Service Portal
SR-100783,2026-07-07T11:34:33.026310Z,2026-07-09T09:05:02.945665Z,Closed,Low,Billing & Payments,Refund request,North Service Center,Billing Operations,C. Davis,Email,96,45.51,No,4,2026-07-09T09:05:02.945665Z,Contact Center
SR-100796,2026-07-07T12:04:44.462950Z,2026-07-08T21:42:28.716115Z,Closed,Normal,Billing & Payments,Payment failure,West Service Center,Billing Operations,R. Williams,Phone,48,33.63,No,,2026-07-08T21:42:28.716115Z,Contact Center
SR-100782,2026-07-07T13:08:22.782054Z,2026-07-07T22:26:23.474974Z,Closed,High,Account Access,Identity verification,South Service Center,Technical Support,J. Brooks,Mobile,16,9.30,No,,2026-07-07T22:26:23.474974Z,Service Portal
SR-100787,2026-07-07T13:32:49.062308Z,2026-07-12T04:26:35.190685Z,Closed,Normal,Permit & Compliance,Policy clarification,North Service Center,Compliance Services,G. Baker,Mobile,48,110.90,No,4,2026-07-12T04:26:35.190685Z,Service Portal
SR-100786,2026-07-07T14:04:55.709931Z,2026-07-09T02:18:01.416043Z,Closed,Normal,Billing & Payments,Payment failure,Central Service Center,Billing Operations,R. Williams,Phone,48,36.22,No,5,2026-07-09T02:18:01.416043Z,Service Portal
SR-100794,2026-07-07T16:03:28.976945Z,2026-07-08T07:19:41.206112Z,Closed,Normal,Account Access,Password reset,North Service Center,Technical Support,S. Rivera,Phone,48,15.27,No,5,2026-07-08T07:19:41.206112Z,Service Portal
SR-100789,2026-07-07T16:08:06.734839Z,2026-07-10T04:38:40.232133Z,Closed,Normal,Permit & Compliance,Documentation review,West Service Center,Compliance Services,F. Wright,Mobile,48,60.51,No,3,2026-07-10T04:38:40.232133Z,Contact Center
SR-100795,2026-07-07T17:33:34.951878Z,2026-07-08T18:30:51.647290Z,Closed,High,Delivery & Fulfillment,Address correction,West Service Center,Customer Care,B. Martin,Walk-in,16,24.95,Yes,,2026-07-08T18:30:51.647290Z,Contact Center
SR-100792,2026-07-07T19:34:41.109978Z,2026-07-09T19:57:24.688682Z,Closed,High,Equipment & Maintenance,Replacement request,West Service Center,Field Operations,P. Garcia,Email,16,48.38,No,3,2026-07-09T19:57:24.688682Z,Service Portal
SR-100790,2026-07-07T20:25:10.675735Z,2026-07-09T05:35:31.283249Z,Closed,High,Delivery & Fulfillment,Late delivery,West Service Center,Customer Care,K. Johnson,Email,16,33.17,No,3,2026-07-09T05:35:31.283249Z,Service Portal
SR-100800,2026-07-08T07:42:11.633202Z,2026-07-11T23:35:59.842087Z,Closed,Normal,Permit & Compliance,Application status,West Service Center,Compliance Services,O. Scott,Email,48,87.90,No,,2026-07-11T23:35:59.842087Z,Contact Center
SR-100808,2026-07-08T08:52:40.396441Z,2026-07-09T09:47:21.720097Z,Closed,Critical,Delivery & Fulfillment,Late delivery,Remote,Customer Care,K. Johnson,Web,4,24.91,No,4,2026-07-09T09:47:21.720097Z,Service Portal
SR-100807,2026-07-08T09:40:25.112886Z,2026-07-08T17:27:22.673022Z,Closed,Low,Account Access,Identity verification,West Service Center,Technical Support,S. Rivera,Phone,96,7.78,No,4,2026-07-08T17:27:22.673022Z,Service Portal
SR-100797,2026-07-08T10:40:15.295011Z,2026-07-11T02:38:37.744020Z,Closed,Normal,Delivery & Fulfillment,Damaged item,Central Service Center,Customer Care,K. Johnson,Email,48,63.97,No,,2026-07-11T02:38:37.744020Z,Service Portal
SR-100799,2026-07-08T10:44:58.332568Z,2026-07-08T20:42:08.801103Z,Closed,Normal,Account Access,Password reset,Central Service Center,Technical Support,J. Brooks,Phone,48,9.95,No,,2026-07-08T20:42:08.801103Z,Service Portal
SR-100806,2026-07-08T13:19:08.639437Z,2026-07-09T22:05:53.039799Z,Closed,Normal,Billing & Payments,Refund request,North Service Center,Billing Operations,C. Davis,Walk-in,48,32.78,No,3,2026-07-09T22:05:53.039799Z,Field App
SR-100801,2026-07-08T14:29:46.118572Z,2026-07-10T03:38:00.471857Z,Closed,High,Permit & Compliance,Application status,Central Service Center,Compliance Services,F. Wright,Web,16,37.14,No,4,2026-07-10T03:38:00.471857Z,Service Portal
SR-100802,2026-07-08T16:28:53.160106Z,2026-07-09T19:14:33.068105Z,Closed,Low,General Inquiry,Feedback,West Service Center,Customer Care,D. Wilson,Web,96,26.76,Yes,4,2026-07-09T19:14:33.068105Z,Service Portal
SR-100803,2026-07-08T17:34:37.482928Z,2026-07-10T02:47:43.776852Z,Closed,Low,Permit & Compliance,Documentation review,West Service Center,Compliance Services,O. Scott,Email,96,33.22,Yes,3,2026-07-10T02:47:43.776852Z,Service Portal
SR-100805,2026-07-08T18:48:13.080726Z,2026-07-08T23:54:48.866694Z,Closed,High,Account Access,Password reset,Remote,Technical Support,J. Brooks,Mobile,16,5.11,No,,2026-07-08T23:54:48.866694Z,Service Portal
SR-100804,2026-07-08T18:55:04.095845Z,2026-07-11T16:52:33.849696Z,Closed,Normal,Permit & Compliance,Application status,South Service Center,Compliance Services,F. Wright,Email,48,69.96,No,4,2026-07-11T16:52:33.849696Z,Field App
SR-100798,2026-07-08T21:15:21.673714Z,2026-07-09T11:15:13.158034Z,Closed,Critical,Billing & Payments,Payment failure,Central Service Center,Billing Operations,C. Davis,Web,4,14.00,No,3,2026-07-09T11:15:13.158034Z,Field App
SR-100821,2026-07-09T08:44:21.577194Z,2026-07-09T16:51:16.704661Z,Closed,Normal,Account Access,Permission request,North Service Center,Technical Support,A. Patel,Phone,48,8.12,No,5,2026-07-09T16:51:16.704661Z,Service Portal
SR-100823,2026-07-09T10:12:29.989740Z,2026-07-09T16:00:01.327162Z,Closed,Critical,General Inquiry,Status request,Central Service Center,Customer Care,B. Martin,Web,4,5.79,No,,2026-07-09T16:00:01.327162Z,Service Portal
SR-100809,2026-07-09T10:32:51.637511Z,2026-07-10T10:50:14.165061Z,Closed,Normal,Delivery & Fulfillment,Late delivery,North Service Center,Customer Care,E. Thompson,Mobile,48,24.29,No,,2026-07-10T10:50:14.165061Z,Service Portal
SR-100824,2026-07-09T10:50:28.283819Z,2026-07-11T14:39:37.376455Z,Closed,High,Permit & Compliance,Policy clarification,,Compliance Services,O. Scott,Web,16,51.82,No,4,2026-07-11T14:39:37.376455Z,Service Portal
SR-100818,2026-07-09T12:01:17.407735Z,2026-07-10T13:58:29.809710Z,Closed,Normal,Delivery & Fulfillment,Late delivery,South Service Center,Customer Care,K. Johnson,Mobile,48,25.95,No,5,2026-07-10T13:58:29.809710Z,Service Portal
SR-100820,2026-07-09T12:30:17.291989Z,2026-07-10T12:37:11.624165Z,Closed,Normal,Account Access,Password reset,Remote,Technical Support,A. Patel,Web,48,24.12,No,5,2026-07-10T12:37:11.624165Z,Field App
SR-100815,2026-07-09T12:31:14.247950Z,2026-07-11T00:14:19.811473Z,Closed,High,General Inquiry,Status request,West Service Center,Customer Care,B. Martin,Web,16,35.72,No,,2026-07-11T00:14:19.811473Z,Contact Center
SR-100814,2026-07-09T13:11:32.728817Z,2026-07-10T04:39:18.519894Z,Closed,High,Billing & Payments,Refund request,North Service Center,Billing Operations,L. Moore,Web,16,15.46,No,4,2026-07-10T04:39:18.519894Z,Contact Center
SR-100817,2026-07-09T14:37:05.456559Z,2026-07-10T16:05:01.709972Z,Closed,Normal,Account Access,Password reset,South Service Center,Technical Support,J. Brooks,Web,48,25.47,No,4,2026-07-10T16:05:01.709972Z,Contact Center
SR-100810,2026-07-09T15:47:38.796104Z,2026-07-11T02:17:54.958077Z,Closed,Normal,Delivery & Fulfillment,Damaged item,,Customer Care,K. Johnson,Phone,48,34.50,No,,2026-07-11T02:17:54.958077Z,Service Portal
SR-100812,2026-07-09T17:11:10.464551Z,2026-07-10T22:35:13.239159Z,Closed,Low,Delivery & Fulfillment,Damaged item,North Service Center,Customer Care,E. Thompson,Email,96,29.40,No,,2026-07-10T22:35:13.239159Z,Service Portal
SR-100811,2026-07-09T17:37:50.561859Z,2026-07-10T18:29:46.438037Z,Closed,Normal,Billing & Payments,Payment failure,West Service Center,Billing Operations,R. Williams,Phone,48,24.87,No,4,2026-07-10T18:29:46.438037Z,Service Portal
SR-100813,2026-07-09T18:06:44.308340Z,2026-07-09T22:36:07.147391Z,Closed,High,General Inquiry,Feedback,Central Service Center,Customer Care,B. Martin,Mobile,16,4.49,No,,2026-07-09T22:36:07.147391Z,Service Portal
SR-100816,2026-07-09T18:52:35.714553Z,2026-07-10T12:21:40.732556Z,Closed,High,Delivery & Fulfillment,Address correction,Central Service Center,Customer Care,D. Wilson,Phone,16,17.48,No,,2026-07-10T12:21:40.732556Z,Contact Center
SR-100819,2026-07-09T19:36:10.710377Z,2026-07-11T16:38:35.975050Z,Closed,Normal,Delivery & Fulfillment,Damaged item,Remote,Customer Care,B. Martin,Mobile,48,45.04,Yes,4,2026-07-11T16:38:35.975050Z,Service Portal
SR-100822,2026-07-09T20:14:41.921855Z,2026-07-09T23:09:46.277523Z,Closed,Critical,General Inquiry,Feedback,North Service Center,Customer Care,D. Wilson,Walk-in,4,2.92,No,4,2026-07-09T23:09:46.277523Z,Service Portal
SR-100834,2026-07-10T08:50:57.053427Z,2026-07-11T08:13:03.848243Z,Closed,Low,General Inquiry,Service information,North Service Center,Customer Care,B. Martin,Email,96,23.37,No,4,2026-07-11T08:13:03.848243Z,Service Portal
SR-100839,2026-07-10T09:25:12.038328Z,2026-07-12T17:04:31.485643Z,Closed,Normal,Permit & Compliance,Documentation review,,Compliance Services,F. Wright,Email,48,55.66,No,3,2026-07-12T17:04:31.485643Z,Service Portal
SR-100837,2026-07-10T09:54:10.714907Z,2026-07-11T02:48:09.046353Z,Closed,Normal,Account Access,Password reset,West Service Center,Technical Support,S. Rivera,Web,48,16.90,Yes,4,2026-07-11T02:48:09.046353Z,Service Portal
SR-100840,2026-07-10T10:39:43.366822Z,2026-07-13T23:32:33.438680Z,Closed,High,Delivery & Fulfillment,Damaged item,West Service Center,Customer Care,B. Martin,Phone,16,84.88,No,3,2026-07-13T23:32:33.438680Z,Service Portal
SR-100830,2026-07-10T13:58:46.233614Z,2026-07-10T20:35:22.895523Z,Closed,High,Account Access,Identity verification,Central Service Center,Technical Support,M. Chen,Email,16,6.61,Yes,,2026-07-10T20:35:22.895523Z,Service Portal
SR-100833,2026-07-10T14:13:10.224034Z,2026-07-13T22:33:57.006188Z,Closed,Low,Equipment & Maintenance,Device repair,South Service Center,Field Operations,H. Clark,Web,96,80.35,No,,2026-07-13T22:33:57.006188Z,Service Portal
SR-100835,2026-07-10T14:25:02.600952Z,2026-07-13T04:47:52.828743Z,Closed,Normal,Delivery & Fulfillment,Address correction,South Service Center,Customer Care,E. Thompson,Email,48,62.38,No,,2026-07-13T04:47:52.828743Z,Field App
SR-100827,2026-07-10T15:45:41.937931Z,2026-07-10T23:53:35.026656Z,Closed,Normal,Account Access,Password reset,Remote,Technical Support,A. Patel,Email,48,8.13,No,5,2026-07-10T23:53:35.026656Z,Service Portal
SR-100828,2026-07-10T15:46:54.928283Z,2026-07-11T02:02:34.633108Z,Closed,High,Account Access,Identity verification,Central Service Center,Technical Support,J. Brooks,Mobile,16,10.26,No,4,2026-07-11T02:02:34.633108Z,Contact Center
SR-100832,2026-07-10T16:27:15.607658Z,2026-07-11T14:08:54.330213Z,Closed,Normal,Equipment & Maintenance,Preventive maintenance,West Service Center,Field Operations,P. Garcia,Web,48,21.69,No,3,2026-07-11T14:08:54.330213Z,Service Portal
SR-100831,2026-07-10T17:39:24.416532Z,2026-07-11T16:11:32.655727Z,Closed,High,Delivery & Fulfillment,Address correction,Central Service Center,Customer Care,K. Johnson,Mobile,16,22.54,No,,2026-07-11T16:11:32.655727Z,Service Portal
SR-100826,2026-07-10T18:05:42.010457Z,2026-07-13T01:50:41.666076Z,Closed,Normal,Delivery & Fulfillment,Damaged item,North Service Center,Customer Care,E. Thompson,Web,48,55.75,No,4,2026-07-13T01:50:41.666076Z,Service Portal
SR-100829,2026-07-10T19:20:22.486242Z,2026-07-11T02:05:02.063321Z,Closed,Low,Account Access,Password reset,Central Service Center,Technical Support,A. Patel,Email,96,6.74,No,5,2026-07-11T02:05:02.063321Z,Service Portal
SR-100838,2026-07-10T20:26:25.137864Z,2026-07-12T20:24:49.586363Z,Closed,Low,Billing & Payments,Payment failure,South Service Center,Billing Operations,T. Nguyen,Walk-in,96,47.97,No,4,2026-07-12T20:24:49.586363Z,Service Portal
SR-100836,2026-07-10T20:32:27.273557Z,2026-07-12T12:07:44.092982Z,Closed,Normal,Permit & Compliance,Policy clarification,Remote,Compliance Services,I. Adams,Phone,48,39.59,No,,2026-07-12T12:07:44.092982Z,Service Portal
SR-100825,2026-07-10T20:48:03.669800Z,2026-07-11T11:06:05.339691Z,Closed,Normal,Billing & Payments,Payment failure,Central Service Center,Billing Operations,R. Williams,Mobile,48,14.30,No,4,2026-07-11T11:06:05.339691Z,Contact Center
SR-100849,2026-07-11T08:56:21.002554Z,2026-07-13T06:24:14.293356Z,Closed,Normal,Delivery & Fulfillment,Address correction,Central Service Center,Customer Care,K. Johnson,Email,48,45.46,No,5,2026-07-13T06:24:14.293356Z,Service Portal
SR-100841,2026-07-11T10:49:29.029290Z,2026-07-17T09:34:12.085736Z,Closed,Normal,Permit & Compliance,Application status,South Service Center,Compliance Services,O. Scott,Web,48,142.75,No,4,2026-07-17T09:34:12.085736Z,Service Portal
SR-100850,2026-07-11T12:22:27.889997Z,2026-07-14T16:23:15.389865Z,Closed,Normal,Equipment & Maintenance,Device repair,West Service Center,Field Operations,V. Hall,Email,48,76.01,No,3,2026-07-14T16:23:15.389865Z,Service Portal
SR-100843,2026-07-11T13:40:11.364519Z,2026-07-15T04:44:56.901572Z,Closed,Low,Permit & Compliance,Documentation review,North Service Center,Compliance Services,F. Wright,Web,96,87.08,No,4,2026-07-15T04:44:56.901572Z,Service Portal
SR-100845,2026-07-11T13:59:09.925296Z,2026-07-12T09:29:07.718783Z,Closed,Normal,General Inquiry,Service information,North Service Center,Customer Care,B. Martin,Phone,48,19.50,No,4,2026-07-12T09:29:07.718783Z,Service Portal
SR-100846,2026-07-11T15:03:06.441866Z,2026-07-12T07:46:44.847333Z,Closed,Normal,General Inquiry,Status request,Remote,Customer Care,K. Johnson,Mobile,48,16.73,No,4,2026-07-12T07:46:44.847333Z,Service Portal
SR-100847,2026-07-11T16:27:06.614064Z,2026-07-15T19:54:40.828820Z,Closed,Normal,Delivery & Fulfillment,Damaged item,North Service Center,Customer Care,E. Thompson,Mobile,48,99.46,No,4,2026-07-15T19:54:40.828820Z,Service Portal
SR-100844,2026-07-11T17:09:05.649270Z,2026-07-12T14:59:39.401760Z,Closed,Normal,Delivery & Fulfillment,Late delivery,Central Service Center,Customer Care,K. Johnson,Mobile,48,21.84,No,4,2026-07-12T14:59:39.401760Z,Contact Center
SR-100848,2026-07-11T19:23:14.052106Z,2026-07-14T05:26:46.527234Z,Closed,Normal,Equipment & Maintenance,Device repair,Central Service Center,Field Operations,P. Garcia,Phone,48,58.06,No,4,2026-07-14T05:26:46.527234Z,Field App
SR-100842,2026-07-11T19:27:04.932622Z,2026-07-12T03:08:46.443494Z,Closed,High,Account Access,Permission request,Central Service Center,Technical Support,S. Rivera,Email,16,7.69,No,5,2026-07-12T03:08:46.443494Z,Service Portal
SR-100852,2026-07-12T09:46:58.151402Z,2026-07-13T06:40:43.757150Z,Closed,Normal,Account Access,Password reset,South Service Center,Technical Support,S. Rivera,Web,48,20.90,No,4,2026-07-13T06:40:43.757150Z,Contact Center
SR-100855,2026-07-12T12:39:01.416413Z,2026-07-13T18:54:00.344837Z,Closed,Normal,Permit & Compliance,Policy clarification,Remote,Compliance Services,O. Scott,Phone,48,30.25,No,5,2026-07-13T18:54:00.344837Z,Service Portal
SR-100853,2026-07-12T12:44:25.601740Z,2026-07-14T18:10:29.633065Z,Closed,Normal,Delivery & Fulfillment,Damaged item,Remote,Customer Care,B. Martin,Phone,48,53.43,No,3,2026-07-14T18:10:29.633065Z,Service Portal
SR-100856,2026-07-12T14:42:38.772429Z,2026-07-15T19:24:37.629502Z,Closed,Normal,Equipment & Maintenance,Device repair,South Service Center,Field Operations,N. Lewis,Mobile,48,76.70,No,5,2026-07-15T19:24:37.629502Z,Contact Center
SR-100860,2026-07-12T15:42:27.696661Z,2026-07-12T23:21:12.312795Z,Closed,High,Account Access,Password reset,West Service Center,Technical Support,J. Brooks,Web,16,7.65,No,5,2026-07-12T23:21:12.312795Z,Service Portal
SR-100854,2026-07-12T16:50:45.802854Z,2026-07-14T18:13:20.010411Z,Closed,Normal,Billing & Payments,Invoice question,South Service Center,Billing Operations,T. Nguyen,Walk-in,48,49.38,No,4,2026-07-14T18:13:20.010411Z,Contact Center
SR-100858,2026-07-12T19:46:06.685258Z,2026-07-13T09:41:46.808294Z,Closed,Normal,General Inquiry,Status request,South Service Center,Customer Care,D. Wilson,Email,48,13.93,No,4,2026-07-13T09:41:46.808294Z,Contact Center
SR-100857,2026-07-12T19:59:25.434921Z,2026-07-14T10:44:16.724022Z,Closed,Normal,Permit & Compliance,Documentation review,Central Service Center,Compliance Services,G. Baker,Walk-in,48,38.75,No,4,2026-07-14T10:44:16.724022Z,Service Portal
SR-100859,2026-07-12T20:10:23.586599Z,2026-07-14T05:54:31.692549Z,Closed,Normal,General Inquiry,Service information,South Service Center,Customer Care,K. Johnson,Email,48,33.74,No,4,2026-07-14T05:54:31.692549Z,Service Portal
SR-100851,2026-07-12T20:17:56.871007Z,2026-07-13T18:38:29.390552Z,Closed,Normal,Account Access,Password reset,Remote,Technical Support,S. Rivera,Web,48,22.34,No,4,2026-07-13T18:38:29.390552Z,Contact Center
SR-100862,2026-07-13T07:56:01.875364Z,2026-07-13T18:15:14.074158Z,Closed,Normal,Account Access,Identity verification,Central Service Center,Technical Support,J. Brooks,Mobile,48,10.32,No,5,2026-07-13T18:15:14.074158Z,Service Portal
SR-100872,2026-07-13T08:41:28.126048Z,2026-07-15T11:45:02.737115Z,Closed,Low,Equipment & Maintenance,Preventive maintenance,West Service Center,Field Operations,V. Hall,Email,96,51.06,No,4,2026-07-15T11:45:02.737115Z,Service Portal
SR-100864,2026-07-13T08:53:33.148417Z,2026-07-14T10:24:18.422179Z,Closed,Normal,Permit & Compliance,Policy clarification,Central Service Center,Compliance Services,O. Scott,Phone,48,25.51,No,4,2026-07-14T10:24:18.422179Z,Service Portal
SR-100866,2026-07-13T09:16:26.047449Z,2026-07-15T02:26:21.451396Z,Closed,Normal,Delivery & Fulfillment,Late delivery,Central Service Center,Customer Care,K. Johnson,Phone,48,41.17,No,4,2026-07-15T02:26:21.451396Z,Contact Center
SR-100863,2026-07-13T09:37:44.104903Z,2026-07-15T06:40:12.050536Z,Closed,Normal,Delivery & Fulfillment,Late delivery,West Service Center,Customer Care,D. Wilson,Web,48,45.04,No,4,2026-07-15T06:40:12.050536Z,Service Portal
SR-100870,2026-07-13T10:33:51.945774Z,2026-07-14T13:13:53.770196Z,Closed,High,Billing & Payments,Invoice question,Central Service Center,Billing Operations,R. Williams,Email,16,26.67,No,4,2026-07-14T13:13:53.770196Z,Service Portal
SR-100871,2026-07-13T11:33:58.486172Z,2026-07-13T23:16:36.205240Z,Closed,Low,General Inquiry,Status request,West Service Center,Customer Care,D. Wilson,Email,96,11.71,No,,2026-07-13T23:16:36.205240Z,Service Portal
SR-100868,2026-07-13T11:45:00.383759Z,2026-07-13T21:33:19.349392Z,Closed,Normal,Account Access,Password reset,Remote,Technical Support,S. Rivera,Email,48,9.81,No,4,2026-07-13T21:33:19.349392Z,Service Portal
SR-100867,2026-07-13T13:54:59.084586Z,2026-07-14T12:41:08.666974Z,Closed,Normal,General Inquiry,Status request,West Service Center,Customer Care,K. Johnson,Web,48,22.77,No,4,2026-07-14T12:41:08.666974Z,Service Portal
SR-100869,2026-07-13T15:15:17.458679Z,2026-07-15T16:08:13.071871Z,Closed,Normal,Permit & Compliance,Policy clarification,North Service Center,Compliance Services,G. Baker,Phone,48,48.88,No,3,2026-07-15T16:08:13.071871Z,Field App
SR-100865,2026-07-13T19:07:22.031268Z,2026-07-14T16:54:08.006833Z,Closed,Normal,Account Access,Password reset,South Service Center,Technical Support,A. Patel,Email,48,21.78,No,5,2026-07-14T16:54:08.006833Z,Service Portal
SR-100861,2026-07-13T19:46:34.662254Z,2026-07-14T04:10:56.434502Z,Closed,Normal,General Inquiry,Service information,South Service Center,Customer Care,B. Martin,Email,48,8.41,No,4,2026-07-14T04:10:56.434502Z,Service Portal
SR-100877,2026-07-14T08:07:54.287313Z,2026-07-14T21:51:47.013153Z,Closed,Critical,Billing & Payments,Refund request,Central Service Center,Billing Operations,L. Moore,Phone,4,13.73,No,4,2026-07-14T21:51:47.013153Z,Service Portal
SR-100878,2026-07-14T09:51:18.716047Z,2026-07-15T03:07:39.348979Z,Closed,Normal,General Inquiry,Feedback,West Service Center,Customer Care,K. Johnson,Mobile,48,17.27,No,5,2026-07-15T03:07:39.348979Z,Service Portal
SR-100873,2026-07-14T10:29:13.145514Z,2026-07-16T00:32:27.649306Z,Closed,Normal,Delivery & Fulfillment,Address correction,Central Service Center,Customer Care,E. Thompson,Phone,48,38.05,No,5,2026-07-16T00:32:27.649306Z,Service Portal
SR-100879,2026-07-14T12:08:03.856728Z,2026-07-15T23:07:39.066766Z,Closed,High,Billing & Payments,Refund request,Central Service Center,Billing Operations,C. Davis,Email,16,34.99,No,5,2026-07-15T23:07:39.066766Z,Service Portal
SR-100875,2026-07-14T18:01:22.885843Z,2026-07-16T02:18:38.387882Z,Closed,Normal,Billing & Payments,Refund request,West Service Center,Billing Operations,C. Davis,Web,48,32.29,Yes,4,2026-07-16T02:18:38.387882Z,Service Portal
SR-100874,2026-07-14T20:10:59.889400Z,2026-07-16T16:14:37.924563Z,Closed,Low,Permit & Compliance,Application status,West Service Center,Compliance Services,I. Adams,Walk-in,96,44.06,No,4,2026-07-16T16:14:37.924563Z,Service Portal
SR-100876,2026-07-14T20:19:06.318448Z,2026-07-15T19:44:22.402791Z,Closed,High,Billing & Payments,Invoice question,South Service Center,Billing Operations,C. Davis,Web,16,23.42,No,,2026-07-15T19:44:22.402791Z,Contact Center
SR-100880,2026-07-14T20:33:40.646535Z,2026-07-15T06:35:11.960278Z,Closed,Low,Account Access,Password reset,Central Service Center,Technical Support,J. Brooks,Web,96,10.03,No,4,2026-07-15T06:35:11.960278Z,Service Portal
SR-100890,2026-07-15T08:43:48.337888Z,2026-07-16T18:04:29.844510Z,Closed,Low,Billing & Payments,Refund request,North Service Center,Billing Operations,R. Williams,Mobile,96,33.34,No,4,2026-07-16T18:04:29.844510Z,Service Portal
SR-100885,2026-07-15T09:04:25.171293Z,2026-07-15T15:08:28.125109Z,Closed,High,Account Access,Identity verification,North Service Center,Technical Support,A. Patel,Phone,16,6.07,No,,2026-07-15T15:08:28.125109Z,Service Portal
SR-100892,2026-07-15T10:21:58.871589Z,2026-07-16T07:34:50.820697Z,Closed,Low,General Inquiry,Status request,Central Service Center,Customer Care,K. Johnson,Mobile,96,21.21,No,4,2026-07-16T07:34:50.820697Z,Field App
SR-100891,2026-07-15T11:40:07.924831Z,2026-07-17T12:54:15.243587Z,Closed,Normal,Billing & Payments,Payment failure,West Service Center,Billing Operations,R. Williams,Mobile,48,49.24,No,4,2026-07-17T12:54:15.243587Z,Service Portal
SR-100895,2026-07-15T13:04:26.946106Z,2026-07-16T12:46:45.296967Z,Closed,Normal,General Inquiry,Status request,Central Service Center,Customer Care,E. Thompson,Walk-in,48,23.71,No,4,2026-07-16T12:46:45.296967Z,Field App
SR-100886,2026-07-15T14:04:55.002889Z,2026-07-18T12:52:43.398263Z,Closed,Normal,Permit & Compliance,Policy clarification,Central Service Center,Compliance Services,F. Wright,Web,48,70.80,No,3,2026-07-18T12:52:43.398263Z,Contact Center
SR-100888,2026-07-15T14:19:05.933236Z,2026-07-17T12:58:32.169724Z,Closed,Normal,Billing & Payments,Payment failure,Remote,Billing Operations,R. Williams,Email,48,46.66,No,4,2026-07-17T12:58:32.169724Z,Service Portal
SR-100883,2026-07-15T15:13:05.420501Z,2026-07-17T17:39:03.703067Z,Closed,Normal,Billing & Payments,Refund request,Central Service Center,Billing Operations,T. Nguyen,Web,48,50.43,No,3,2026-07-17T17:39:03.703067Z,Service Portal
SR-100882,2026-07-15T16:02:12.545746Z,2026-07-16T02:50:58.883179Z,Closed,Low,Account Access,Identity verification,Central Service Center,Technical Support,J. Brooks,Web,96,10.81,No,5,2026-07-16T02:50:58.883179Z,Service Portal
SR-100884,2026-07-15T17:35:46.758810Z,2026-07-16T02:55:09.981165Z,Closed,Normal,Account Access,Identity verification,Central Service Center,Technical Support,A. Patel,Phone,48,9.32,No,5,2026-07-16T02:55:09.981165Z,Service Portal
SR-100889,2026-07-15T18:15:00.993300Z,2026-07-19T03:00:23.647199Z,Closed,High,Equipment & Maintenance,Replacement request,South Service Center,Field Operations,V. Hall,Email,16,80.76,No,,2026-07-19T03:00:23.647199Z,Service Portal
SR-100894,2026-07-15T19:01:22.986531Z,2026-07-16T20:15:44.753779Z,Closed,Normal,Billing & Payments,Payment failure,West Service Center,Billing Operations,T. Nguyen,Web,48,25.24,No,4,2026-07-16T20:15:44.753779Z,Contact Center
SR-100887,2026-07-15T19:39:17.256474Z,2026-07-17T07:42:54.761134Z,Closed,Low,Billing & Payments,Refund request,West Service Center,Billing Operations,R. Williams,Web,96,36.06,No,4,2026-07-17T07:42:54.761134Z,Service Portal
SR-100881,2026-07-15T19:39:35.788315Z,2026-07-16T20:19:14.620657Z,Closed,Normal,Equipment & Maintenance,Device repair,West Service Center,Field Operations,V. Hall,Walk-in,48,24.66,No,4,2026-07-16T20:19:14.620657Z,Service Portal
SR-100896,2026-07-15T20:03:26.722797Z,2026-07-19T18:52:30.563834Z,Closed,Low,Permit & Compliance,Policy clarification,South Service Center,Compliance Services,F. Wright,Email,96,94.82,No,4,2026-07-19T18:52:30.563834Z,Field App
SR-100893,2026-07-15T20:43:12.248967Z,2026-07-18T19:11:52.429203Z,Closed,Normal,Delivery & Fulfillment,Address correction,South Service Center,Customer Care,D. Wilson,Phone,48,70.48,No,,2026-07-18T19:11:52.429203Z,Service Portal
SR-100900,2026-07-16T07:34:45.922183Z,2026-07-17T05:08:21.160009Z,Closed,Normal,General Inquiry,Service information,Remote,Customer Care,K. Johnson,Web,48,21.56,No,3,2026-07-17T05:08:21.160009Z,Field App
SR-100904,2026-07-16T08:55:25.210792Z,2026-07-19T10:37:46.596375Z,Closed,Low,Permit & Compliance,Documentation review,North Service Center,Compliance Services,F. Wright,Web,96,73.71,No,5,2026-07-19T10:37:46.596375Z,Contact Center
SR-100905,2026-07-16T09:32:20.309801Z,2026-07-17T19:06:32.544901Z,Closed,Normal,Delivery & Fulfillment,Late delivery,Remote,Customer Care,D. Wilson,Phone,48,33.57,No,,2026-07-17T19:06:32.544901Z,Contact Center
SR-100899,2026-07-16T09:42:53.879735Z,2026-07-20T01:29:31.317874Z,Closed,Normal,Equipment & Maintenance,Preventive maintenance,West Service Center,Field Operations,H. Clark,Walk-in,48,87.78,No,,2026-07-20T01:29:31.317874Z,Service Portal
SR-100898,2026-07-16T12:30:08.508876Z,2026-07-17T14:09:42.103246Z,Closed,Normal,Equipment & Maintenance,Replacement request,Central Service Center,Field Operations,H. Clark,Web,48,25.66,No,4,2026-07-17T14:09:42.103246Z,Service Portal
SR-100901,2026-07-16T12:34:28.785521Z,2026-07-17T01:33:18.385737Z,Closed,Normal,Account Access,Identity verification,North Service Center,Technical Support,S. Rivera,Mobile,48,12.98,No,,2026-07-17T01:33:18.385737Z,Contact Center
SR-100897,2026-07-16T14:54:50.380832Z,2026-07-17T00:35:56.798120Z,Closed,Normal,Delivery & Fulfillment,Damaged item,Central Service Center,Customer Care,D. Wilson,Web,48,9.69,No,3,2026-07-17T00:35:56.798120Z,Service Portal
SR-100902,2026-07-16T17:00:20.603296Z,2026-07-18T18:43:14.941921Z,Closed,Normal,Permit & Compliance,Policy clarification,Remote,Compliance Services,F. Wright,Web,48,49.72,No,4,2026-07-18T18:43:14.941921Z,Contact Center
SR-100906,2026-07-16T17:20:42.624617Z,2026-07-17T03:10:37.413679Z,Closed,Low,Account Access,Password reset,Central Service Center,Technical Support,M. Chen,Phone,96,9.83,No,,2026-07-17T03:10:37.413679Z,Contact Center
SR-100903,2026-07-16T19:25:02.444559Z,2026-07-17T12:40:27.648743Z,Closed,Normal,Account Access,Identity verification,Central Service Center,Technical Support,A. Patel,Phone,48,17.26,No,,2026-07-17T12:40:27.648743Z,Service Portal
SR-100907,2026-07-16T19:33:58.375283Z,2026-07-18T21:17:51.248682Z,Closed,Low,Permit & Compliance,Application status,Remote,Compliance Services,F. Wright,Walk-in,96,49.73,No,5,2026-07-18T21:17:51.248682Z,Contact Center
SR-100923,2026-07-17T09:54:16.763284Z,2026-07-18T02:56:28.324002Z,Closed,Low,Account Access,Identity verification,North Service Center,Technical Support,A. Patel,Phone,96,17.04,No,,2026-07-18T02:56:28.324002Z,Service Portal
SR-100908,2026-07-17T09:58:46.630304Z,2026-07-19T00:14:02.612673Z,Closed,High,Delivery & Fulfillment,Late delivery,Central Service Center,Customer Care,B. Martin,Phone,16,38.25,Yes,2,2026-07-19T00:14:02.612673Z,Service Portal
SR-100922,2026-07-17T10:20:44.896444Z,2026-07-17T17:09:48.421642Z,Closed,Normal,Account Access,Password reset,Central Service Center,Technical Support,A. Patel,Phone,48,6.82,No,4,2026-07-17T17:09:48.421642Z,Service Portal
SR-100917,2026-07-17T11:10:23.581979Z,2026-07-18T00:43:43.314373Z,Closed,Normal,General Inquiry,Service information,West Service Center,Customer Care,K. Johnson,Mobile,48,13.56,No,4,2026-07-18T00:43:43.314373Z,Field App
SR-100914,2026-07-17T11:10:52.468783Z,2026-07-19T23:22:11.922470Z,Closed,Low,Permit & Compliance,Policy clarification,Central Service Center,Compliance Services,I. Adams,Phone,96,60.19,No,4,2026-07-19T23:22:11.922470Z,Contact Center
SR-100909,2026-07-17T13:00:51.119702Z,2026-07-19T19:19:31.145825Z,Closed,High,Equipment & Maintenance,Replacement request,West Service Center,Field Operations,V. Hall,Web,16,54.31,No,3,2026-07-19T19:19:31.145825Z,Service Portal
SR-100916,2026-07-17T13:32:21.725926Z,2026-07-20T22:12:15.914877Z,Closed,Low,Permit & Compliance,Documentation review,South Service Center,Compliance Services,I. Adams,Phone,96,80.67,No,4,2026-07-20T22:12:15.914877Z,Service Portal
SR-100911,2026-07-17T13:44:20.501816Z,2026-07-18T07:05:45.972767Z,Closed,Normal,Billing & Payments,Payment failure,Central Service Center,Billing Operations,C. Davis,Phone,48,17.36,Yes,3,2026-07-18T07:05:45.972767Z,Service Portal
SR-100924,2026-07-17T14:09:19.048394Z,2026-07-19T08:39:11.626817Z,Closed,Low,Delivery & Fulfillment,Address correction,Remote,Customer Care,D. Wilson,Phone,96,42.50,No,,2026-07-19T08:39:11.626817Z,Service Portal
SR-100920,2026-07-17T14:35:14.107294Z,2026-07-18T01:36:53.484061Z,Closed,Critical,Equipment & Maintenance,Replacement request,North Service Center,Field Operations,N. Lewis,Web,4,11.03,No,4,2026-07-18T01:36:53.484061Z,Contact Center
SR-100921,2026-07-17T15:50:01.041077Z,2026-07-18T10:57:46.764606Z,Closed,High,Delivery & Fulfillment,Damaged item,North Service Center,Customer Care,K. Johnson,Walk-in,16,19.13,No,,2026-07-18T10:57:46.764606Z,Service Portal
SR-100918,2026-07-17T15:51:42.177931Z,2026-07-20T22:17:09.068643Z,Closed,High,Permit & Compliance,Application status,South Service Center,Compliance Services,F. Wright,Phone,16,78.42,No,4,2026-07-20T22:17:09.068643Z,Service Portal
SR-100912,2026-07-17T15:53:05.125473Z,2026-07-18T10:22:57.948376Z,Closed,Normal,Account Access,Permission request,Remote,Technical Support,J. Brooks,Web,48,18.50,No,5,2026-07-18T10:22:57.948376Z,Service Portal
SR-100913,2026-07-17T17:29:21.022684Z,2026-07-20T22:50:15.488030Z,Closed,Normal,Delivery & Fulfillment,Address correction,North Service Center,Customer Care,B. Martin,Phone,48,77.35,No,2,2026-07-20T22:50:15.488030Z,Field App
SR-100925,2026-07-17T18:38:05.811590Z,2026-07-20T12:35:44.716750Z,Closed,Normal,Permit & Compliance,Policy clarification,West Service Center,Compliance Services,O. Scott,Email,48,65.96,No,4,2026-07-20T12:35:44.716750Z,Field App
SR-100915,2026-07-17T18:49:21.691274Z,2026-07-18T13:12:50.974419Z,Closed,Normal,Delivery & Fulfillment,Late delivery,Central Service Center,Customer Care,K. Johnson,Web,48,18.39,No,4,2026-07-18T13:12:50.974419Z,Contact Center
SR-100919,2026-07-17T19:59:56.807417Z,2026-07-21T05:33:08.571810Z,Closed,High,Permit & Compliance,Documentation review,South Service Center,Compliance Services,I. Adams,Phone,16,81.55,No,4,2026-07-21T05:33:08.571810Z,Contact Center
SR-100910,2026-07-17T20:29:08.241974Z,2026-07-18T23:14:22.095823Z,Closed,Normal,Permit & Compliance,Policy clarification,Central Service Center,Compliance Services,I. Adams,Email,48,26.75,No,5,2026-07-18T23:14:22.095823Z,Field App
SR-100931,2026-07-18T09:20:25.314912Z,,Pending Customer,Low,Permit & Compliance,Policy clarification,South Service Center,Compliance Services,G. Baker,Email,96,,No,,2026-07-21T09:20:19.967155Z,Contact Center
SR-100928,2026-07-18T09:42:33.682240Z,2026-07-19T13:25:18.952821Z,Closed,High,Billing & Payments,Refund request,,Billing Operations,C. Davis,Web,16,27.71,No,,2026-07-19T13:25:18.952821Z,Contact Center
SR-100936,2026-07-18T10:37:14.664872Z,2026-07-21T16:23:41.543588Z,Closed,Low,Permit & Compliance,Policy clarification,South Service Center,Compliance Services,O. Scott,Phone,96,77.77,No,5,2026-07-21T16:23:41.543588Z,Contact Center
SR-100929,2026-07-18T13:04:19.608602Z,2026-07-19T04:35:42.496480Z,Closed,High,Billing & Payments,Invoice question,Central Service Center,Billing Operations,C. Davis,Email,16,15.52,No,5,2026-07-19T04:35:42.496480Z,Service Portal
SR-100933,2026-07-18T13:42:18.718513Z,2026-07-19T13:40:30.320542Z,Closed,Normal,Billing & Payments,Refund request,South Service Center,Billing Operations,R. Williams,Web,48,23.97,No,,2026-07-19T13:40:30.320542Z,Service Portal
SR-100926,2026-07-18T15:01:31.171581Z,2026-07-20T16:40:41.000067Z,Closed,High,Delivery & Fulfillment,Address correction,South Service Center,Customer Care,D. Wilson,Mobile,16,49.65,No,3,2026-07-20T16:40:41.000067Z,Service Portal
SR-100927,2026-07-18T15:02:29.500276Z,2026-07-18T17:54:11.462411Z,Closed,High,Account Access,Password reset,Central Service Center,Technical Support,S. Rivera,Web,16,2.86,No,5,2026-07-18T17:54:11.462411Z,Service Portal
SR-100930,2026-07-18T15:15:28.246696Z,2026-07-19T00:31:30.108473Z,Closed,Critical,Delivery & Fulfillment,Damaged item,South Service Center,Customer Care,D. Wilson,Web,4,9.27,No,,2026-07-19T00:31:30.108473Z,Service Portal
SR-100937,2026-07-18T16:11:11.824451Z,2026-07-20T16:38:18.040289Z,Closed,Normal,Equipment & Maintenance,Device repair,West Service Center,Field Operations,P. Garcia,Phone,48,48.45,No,,2026-07-20T16:38:18.040289Z,Contact Center
SR-100935,2026-07-18T16:41:02.729697Z,2026-07-20T10:03:15.135094Z,Closed,Normal,Equipment & Maintenance,Preventive maintenance,West Service Center,Field Operations,H. Clark,Email,48,41.37,No,5,2026-07-20T10:03:15.135094Z,Service Portal
SR-100932,2026-07-18T19:00:34.719959Z,2026-07-21T07:27:56.273933Z,Closed,Normal,Permit & Compliance,Policy clarification,North Service Center,Compliance Services,G. Baker,Email,48,60.46,No,,2026-07-21T07:27:56.273933Z,Service Portal
SR-100934,2026-07-18T19:12:01.108153Z,2026-07-19T02:23:36.761342Z,Closed,Normal,Account Access,Identity verification,Remote,Technical Support,J. Brooks,Phone,48,7.19,No,,2026-07-19T02:23:36.761342Z,Service Portal
SR-100944,2026-07-19T10:49:00.268097Z,2026-07-20T03:28:10.814162Z,Closed,High,Billing & Payments,Payment failure,Remote,Billing Operations,C. Davis,Mobile,16,16.65,No,3,2026-07-20T03:28:10.814162Z,Service Portal
SR-100941,2026-07-19T11:06:54.034227Z,2026-07-21T06:51:23.433236Z,Closed,Normal,Billing & Payments,Refund request,South Service Center,Billing Operations,L. Moore,Web,48,43.74,No,,2026-07-21T06:51:23.433236Z,Service Portal
SR-100938,2026-07-19T13:05:58.030879Z,2026-07-20T06:20:46.944453Z,Closed,High,General Inquiry,Status request,South Service Center,Customer Care,D. Wilson,Walk-in,16,17.25,No,3,2026-07-20T06:20:46.944453Z,Service Portal
SR-100943,2026-07-19T15:15:52.993130Z,2026-07-20T01:50:39.376626Z,Closed,Normal,Account Access,Permission request,Central Service Center,Technical Support,A. Patel,Mobile,48,10.58,No,,2026-07-20T01:50:39.376626Z,Service Portal
SR-100940,2026-07-19T15:29:01.760067Z,2026-07-20T21:12:28.057980Z,Closed,Normal,Billing & Payments,Refund request,Central Service Center,Billing Operations,T. Nguyen,Email,48,29.72,No,4,2026-07-20T21:12:28.057980Z,Service Portal
SR-100946,2026-07-19T15:55:35.830114Z,2026-07-21T06:46:06.434913Z,Closed,High,Permit & Compliance,Documentation review,North Service Center,Compliance Services,F. Wright,Phone,16,38.84,No,4,2026-07-21T06:46:06.434913Z,Contact Center
SR-100939,2026-07-19T16:18:21.434954Z,2026-07-21T07:38:55.991342Z,Closed,High,Delivery & Fulfillment,Late delivery,West Service Center,Customer Care,B. Martin,Mobile,16,39.34,No,3,2026-07-21T07:38:55.991342Z,Contact Center
SR-100942,2026-07-19T17:39:43.868531Z,2026-07-20T02:05:08.825144Z,Closed,High,General Inquiry,Service information,Remote,Customer Care,K. Johnson,Walk-in,16,8.42,No,3,2026-07-20T02:05:08.825144Z,Service Portal
SR-100945,2026-07-19T19:30:30.036272Z,2026-07-20T18:47:55.881719Z,Closed,Normal,General Inquiry,Service information,Central Service Center,Customer Care,D. Wilson,Web,48,23.29,No,5,2026-07-20T18:47:55.881719Z,Field App
SR-100959,2026-07-20T07:30:55.750102Z,2026-07-21T22:58:42.181690Z,Closed,High,Equipment & Maintenance,Replacement request,Remote,Field Operations,N. Lewis,Phone,16,39.46,No,2,2026-07-21T22:58:42.181690Z,Field App
SR-100950,2026-07-20T09:48:47.212299Z,2026-07-21T05:05:20.037382Z,Closed,Normal,General Inquiry,Service information,South Service Center,Customer Care,K. Johnson,Web,48,19.28,No,4,2026-07-21T05:05:20.037382Z,Service Portal
SR-100954,2026-07-20T11:08:09.604687Z,2026-07-20T20:21:05.587506Z,Closed,Critical,Delivery & Fulfillment,Damaged item,Remote,Customer Care,K. Johnson,Web,4,9.22,No,3,2026-07-20T20:21:05.587506Z,Service Portal
SR-100951,2026-07-20T11:12:21.634546Z,2026-07-23T10:41:16.596973Z,Closed,Normal,Permit & Compliance,Policy clarification,Central Service Center,Compliance Services,G. Baker,Web,48,71.48,No,,2026-07-23T10:41:16.596973Z,Service Portal
SR-100948,2026-07-20T11:58:47.769477Z,2026-07-22T04:24:28.585198Z,Closed,High,Delivery & Fulfillment,Late delivery,North Service Center,Customer Care,K. Johnson,Email,16,40.43,No,,2026-07-22T04:24:28.585198Z,Service Portal
SR-100953,2026-07-20T13:38:02.214272Z,2026-07-22T05:05:11.628876Z,Closed,Normal,Permit & Compliance,Policy clarification,Central Service Center,Compliance Services,F. Wright,Email,48,39.45,No,,2026-07-22T05:05:11.628876Z,Field App
SR-100957,2026-07-20T14:53:38.451981Z,2026-07-22T11:04:02.357563Z,Closed,High,Unmapped / Legacy,Device repair,Remote,Field Operations,H. Clark,Phone,16,44.17,No,4,2026-07-22T11:04:02.357563Z,Service Portal
SR-100955,2026-07-20T18:06:41.240003Z,2026-07-24T02:12:17.929225Z,Closed,Low,Billing & Payments,Refund request,North Service Center,Billing Operations,L. Moore,Email,96,80.09,No,5,2026-07-24T02:12:17.929225Z,Service Portal
SR-100956,2026-07-20T18:31:27.062934Z,2026-07-22T01:14:49.231102Z,Closed,Normal,Permit & Compliance,Documentation review,Central Service Center,Compliance Services,G. Baker,Phone,48,30.72,No,,2026-07-22T01:14:49.231102Z,Service Portal
SR-100947,2026-07-20T19:18:17.244117Z,2026-07-23T01:26:42.671526Z,Closed,High,Equipment & Maintenance,Device repair,South Service Center,Field Operations,N. Lewis,Web,16,54.14,No,5,2026-07-23T01:26:42.671526Z,Contact Center
SR-100949,2026-07-20T19:35:54.561094Z,2026-07-23T01:37:52.066807Z,Closed,Low,Delivery & Fulfillment,Late delivery,West Service Center,Customer Care,B. Martin,Web,96,54.03,No,5,2026-07-23T01:37:52.066807Z,Service Portal
SR-100958,2026-07-20T19:54:40.591038Z,2026-07-22T20:38:28.240411Z,Closed,Normal,Billing & Payments,Refund request,South Service Center,Billing Operations,L. Moore,Web,48,48.73,No,4,2026-07-22T20:38:28.240411Z,Contact Center
SR-100958,2026-07-20T19:54:40.591038Z,2026-07-22T20:38:28.240411Z,Closed,Normal,Billing & Payments,Refund request,South Service Center,Billing Operations,L. Moore,Web,48,48.73,No,4,2026-08-24T08:52:01.338063Z,Contact Center
SR-100952,2026-07-20T21:14:05.474956Z,2026-07-21T10:53:47.331389Z,Closed,Critical,Permit & Compliance,Application status,West Service Center,Compliance Services,F. Wright,Email,4,13.66,No,2,2026-07-21T10:53:47.331389Z,Service Portal
SR-100963,2026-07-21T07:13:57.262845Z,2026-07-25T07:06:09.131534Z,Closed,Normal,Billing & Payments,Payment failure,South Service Center,Billing Operations,C. Davis,Phone,48,95.87,No,,2026-07-25T07:06:09.131534Z,Service Portal
SR-100971,2026-07-21T08:21:30.753980Z,2026-07-21T16:38:53.303108Z,Closed,Normal,Account Access,Permission request,Central Service Center,Technical Support,A. Patel,Email,48,8.29,No,4,2026-07-21T16:38:53.303108Z,Field App
SR-100973,2026-07-21T08:26:52.112186Z,2026-07-24T01:09:44.530241Z,Closed,Low,Equipment & Maintenance,Replacement request,Remote,Field Operations,N. Lewis,Web,96,64.71,No,5,2026-07-24T01:09:44.530241Z,Service Portal
SR-100961,2026-07-21T08:55:21.840731Z,2026-07-22T02:43:36.505077Z,Closed,Normal,Billing & Payments,Payment failure,Central Service Center,Billing Operations,R. Williams,Web,48,17.80,No,4,2026-07-22T02:43:36.505077Z,Field App
SR-100960,2026-07-21T08:58:13.483988Z,2026-07-23T20:04:39.832497Z,Closed,Low,Billing & Payments,Refund request,South Service Center,Billing Operations,T. Nguyen,Phone,96,59.11,No,,2026-07-23T20:04:39.832497Z,Contact Center
SR-100969,2026-07-21T09:14:40.523777Z,2026-07-24T04:05:42.692654Z,Closed,Low,General Inquiry,Status request,South Service Center,Customer Care,E. Thompson,Phone,96,66.85,No,3,2026-07-24T04:05:42.692654Z,Field App
SR-100964,2026-07-21T10:36:11.681733Z,2026-07-22T05:35:31.303358Z,Closed,Normal,Delivery & Fulfillment,Late delivery,Remote,Customer Care,E. Thompson,Mobile,48,18.99,No,4,2026-07-22T05:35:31.303358Z,Field App
SR-100962,2026-07-21T13:20:11.358027Z,2026-07-25T20:44:02.441719Z,Closed,Low,Equipment & Maintenance,Replacement request,South Service Center,Field Operations,N. Lewis,Web,96,103.40,No,,2026-07-25T20:44:02.441719Z,Contact Center
SR-100975,2026-07-21T14:27:12.625808Z,2026-07-22T17:56:18.057764Z,Closed,Critical,Delivery & Fulfillment,Late delivery,West Service Center,Customer Care,K. Johnson,Email,4,27.48,No,4,2026-07-22T17:56:18.057764Z,Field App
SR-100966,2026-07-21T14:37:21.901111Z,2026-07-22T00:09:01.488116Z,Closed,Normal,Account Access,Identity verification,North Service Center,Technical Support,J. Brooks,Web,48,9.53,No,5,2026-07-22T00:09:01.488116Z,Service Portal
SR-100967,2026-07-21T16:22:44.993452Z,2026-07-23T03:51:14.502072Z,Closed,Low,Billing & Payments,Payment failure,South Service Center,Billing Operations,L. Moore,Phone,96,35.47,No,,2026-07-23T03:51:14.502072Z,Service Portal
SR-100974,2026-07-21T17:13:44.169357Z,2026-07-22T20:24:31.298570Z,Closed,Normal,Delivery & Fulfillment,Address correction,South Service Center,Customer Care,D. Wilson,Phone,48,27.18,No,,2026-07-22T20:24:31.298570Z,Contact Center
SR-100972,2026-07-21T19:31:58.200283Z,2026-07-24T14:13:09.024588Z,Closed,High,Billing & Payments,Payment failure,North Service Center,Billing Operations,T. Nguyen,Web,16,66.69,No,,2026-07-24T14:13:09.024588Z,Contact Center
SR-100968,2026-07-21T20:04:03.299169Z,2026-07-25T16:31:54.627195Z,Closed,Normal,Billing & Payments,Refund request,West Service Center,Billing Operations,T. Nguyen,Web,48,92.46,No,4,2026-07-25T16:31:54.627195Z,Field App
SR-100970,2026-07-21T20:09:30.171062Z,2026-07-23T05:52:42.415778Z,Closed,Normal,Permit & Compliance,Application status,South Service Center,Compliance Services,O. Scott,Phone,48,33.72,No,3,2026-07-23T05:52:42.415778Z,Service Portal
SR-100965,2026-07-21T20:34:06.307228Z,2026-07-23T22:44:13.959638Z,Closed,Normal,Delivery & Fulfillment,Late delivery,,Customer Care,K. Johnson,Web,48,50.17,No,3,2026-07-23T22:44:13.959638Z,Service Portal
SR-100978,2026-07-22T07:54:15.207762Z,2026-07-22T19:53:48.242242Z,Closed,Critical,Delivery & Fulfillment,Damaged item,Remote,Customer Care,E. Thompson,Mobile,4,11.99,No,4,2026-07-22T19:53:48.242242Z,Service Portal
SR-100986,2026-07-22T08:47:59.951753Z,2026-07-22T19:09:53.213229Z,Closed,Low,Account Access,Permission request,West Service Center,Technical Support,S. Rivera,Mobile,96,10.36,No,,2026-07-22T19:09:53.213229Z,Field App
SR-100982,2026-07-22T11:23:03.468911Z,2026-07-23T04:44:03.767635Z,Closed,Normal,Billing & Payments,Refund request,North Service Center,Billing Operations,R. Williams,Email,48,17.35,No,5,2026-07-23T04:44:03.767635Z,Field App
SR-100985,2026-07-22T11:52:07.723470Z,2026-07-24T18:07:54.900288Z,Closed,Normal,Equipment & Maintenance,Device repair,Remote,Field Operations,P. Garcia,Mobile,48,54.26,No,3,2026-07-24T18:07:54.900288Z,Service Portal
SR-100984,2026-07-22T13:41:44.817840Z,2026-07-23T03:13:10.365047Z,Closed,Normal,Account Access,Password reset,North Service Center,Technical Support,A. Patel,Phone,48,13.52,No,4,2026-07-23T03:13:10.365047Z,Service Portal
SR-100980,2026-07-22T13:48:17.199200Z,2026-07-29T03:53:12.481740Z,Closed,Normal,Equipment & Maintenance,Device repair,South Service Center,Field Operations,P. Garcia,Web,48,158.08,No,,2026-07-29T03:53:12.481740Z,Service Portal
SR-100983,2026-07-22T14:09:11.610016Z,2026-07-27T06:39:51.907731Z,Closed,Normal,Delivery & Fulfillment,Address correction,West Service Center,Customer Care,D. Wilson,Phone,48,112.51,No,,2026-07-27T06:39:51.907731Z,Service Portal
SR-100979,2026-07-22T14:25:01.544177Z,2026-07-23T00:02:22.540205Z,Closed,Normal,Account Access,Permission request,West Service Center,Technical Support,A. Patel,Web,48,9.62,No,4,2026-07-23T00:02:22.540205Z,Service Portal
SR-100981,2026-07-22T14:31:42.401945Z,2026-07-22T22:35:11.474487Z,Closed,Normal,Account Access,Password reset,Remote,Technical Support,S. Rivera,Phone,48,8.06,No,3,2026-07-22T22:35:11.474487Z,Field App
SR-100976,2026-07-22T15:24:00.066169Z,2026-07-23T16:53:37.083201Z,Closed,High,Delivery & Fulfillment,Late delivery,North Service Center,Customer Care,D. Wilson,Web,16,25.49,No,4,2026-07-23T16:53:37.083201Z,Service Portal
SR-100988,2026-07-22T17:55:13.223800Z,2026-07-24T08:12:43.687866Z,Closed,Normal,Delivery & Fulfillment,Damaged item,West Service Center,Customer Care,K. Johnson,Phone,48,38.29,No,3,2026-07-24T08:12:43.687866Z,Service Portal
SR-100977,2026-07-22T19:29:19.340012Z,2026-07-23T20:21:17.061264Z,Closed,High,Billing & Payments,Invoice question,North Service Center,Billing Operations,C. Davis,Email,16,24.87,No,4,2026-07-23T20:21:17.061264Z,Service Portal
SR-100987,2026-07-22T19:57:03.832188Z,,Pending Customer,Normal,Equipment & Maintenance,Replacement request,West Service Center,Field Operations,V. Hall,Walk-in,48,,No,,2026-07-24T05:41:09.957062Z,Service Portal
SR-100992,2026-07-23T07:39:56.625061Z,2026-07-24T08:49:38.576830Z,Closed,High,Permit & Compliance,Documentation review,Central Service Center,Compliance Services,O. Scott,Walk-in,16,25.16,No,,2026-07-24T08:49:38.576830Z,Field App
SR-100991,2026-07-23T07:50:22.183864Z,2026-07-25T03:11:14.384951Z,Closed,Normal,Permit & Compliance,Documentation review,Central Service Center,Compliance Services,I. Adams,Web,48,43.35,No,5,2026-07-25T03:11:14.384951Z,Service Portal
SR-101004,2026-07-23T09:18:17.597864Z,2026-07-24T01:49:10.807187Z,Closed,Normal,Account Access,Password reset,Central Service Center,Technical Support,A. Patel,Mobile,48,16.51,No,5,2026-07-24T01:49:10.807187Z,Field App
SR-101002,2026-07-23T10:42:55.754056Z,2026-07-23T21:10:08.681057Z,Closed,Normal,Account Access,Password reset,South Service Center,Technical Support,M. Chen,Email,48,10.45,No,,2026-07-23T21:10:08.681057Z,Contact Center
SR-101006,2026-07-23T10:47:19.833608Z,2026-07-29T12:50:53.755526Z,Closed,Normal,Equipment & Maintenance,Device repair,South Service Center,Field Operations,V. Hall,Web,48,146.06,No,,2026-07-29T12:50:53.755526Z,Field App
SR-100996,2026-07-23T11:04:44.933657Z,2026-07-23T18:07:10.397275Z,Closed,High,Account Access,Permission request,North Service Center,Technical Support,S. Rivera,Web,16,7.04,No,4,2026-07-23T18:07:10.397275Z,Service Portal
SR-100993,2026-07-23T11:20:41.210863Z,2026-07-25T06:57:21.602149Z,Closed,Normal,Billing & Payments,Invoice question,Remote,Billing Operations,T. Nguyen,Web,48,43.61,No,5,2026-07-25T06:57:21.602149Z,Service Portal
SR-101001,2026-07-23T11:29:48.088974Z,2026-07-23T16:10:46.771424Z,Closed,Normal,Account Access,Identity verification,Remote,Technical Support,J. Brooks,Web,48,4.68,No,,2026-07-23T16:10:46.771424Z,Service Portal
SR-100990,2026-07-23T13:27:14.815531Z,2026-07-26T14:47:12.337917Z,Closed,Low,Equipment & Maintenance,Replacement request,Central Service Center,Field Operations,N. Lewis,Walk-in,96,73.33,No,4,2026-07-26T14:47:12.337917Z,Service Portal
SR-100999,2026-07-23T13:39:30.813720Z,2026-07-23T20:21:46.788394Z,Closed,Low,Account Access,Password reset,Central Service Center,Technical Support,M. Chen,Web,96,6.70,No,4,2026-07-23T20:21:46.788394Z,Service Portal
SR-101005,2026-07-23T13:43:30.719647Z,2026-07-24T20:56:25.277455Z,Closed,High,Billing & Payments,Refund request,South Service Center,Billing Operations,R. Williams,Web,16,31.22,No,4,2026-07-24T20:56:25.277455Z,Service Portal
SR-100998,2026-07-23T13:54:32.083947Z,2026-07-24T10:05:01.830706Z,Closed,Normal,Account Access,Identity verification,South Service Center,Technical Support,M. Chen,Web,48,20.17,No,,2026-07-24T10:05:01.830706Z,Contact Center
SR-101000,2026-07-23T14:04:14.403434Z,2026-07-25T00:49:17.597046Z,Closed,Normal,Billing & Payments,Invoice question,South Service Center,Billing Operations,C. Davis,Web,48,34.75,No,5,2026-07-25T00:49:17.597046Z,Service Portal
SR-100995,2026-07-23T14:44:37.881213Z,2026-07-26T03:19:37.771869Z,Closed,Normal,Billing & Payments,Invoice question,Central Service Center,Billing Operations,T. Nguyen,Web,48,60.58,No,4,2026-07-26T03:19:37.771869Z,Service Portal
SR-100997,2026-07-23T15:59:52.339637Z,2026-07-23T20:17:52.612950Z,Closed,High,Account Access,Password reset,Central Service Center,Technical Support,M. Chen,Email,16,4.30,No,4,2026-07-23T20:17:52.612950Z,Contact Center
SR-100994,2026-07-23T16:13:23.601956Z,2026-07-24T15:32:54.264707Z,Closed,Low,General Inquiry,Status request,Central Service Center,Customer Care,K. Johnson,Phone,96,23.33,No,5,2026-07-24T15:32:54.264707Z,Service Portal
SR-100989,2026-07-23T17:34:50.955491Z,2026-07-25T08:25:04.741680Z,Closed,Normal,Billing & Payments,Invoice question,Remote,Billing Operations,T. Nguyen,Email,48,38.84,No,5,2026-07-25T08:25:04.741680Z,Service Portal
SR-101003,2026-07-23T19:53:16.960355Z,2026-07-25T10:56:25.289994Z,Closed,High,Permit & Compliance,Policy clarification,Central Service Center,Compliance Services,G. Baker,Phone,16,39.05,No,4,2026-07-25T10:56:25.289994Z,Service Portal
SR-101008,2026-07-24T08:33:32.005064Z,2026-07-24T20:31:39.498401Z,Closed,Normal,Account Access,Permission request,North Service Center,Technical Support,J. Brooks,Mobile,48,11.97,No,4,2026-07-24T20:31:39.498401Z,Service Portal
SR-101011,2026-07-24T08:36:32.175601Z,2026-07-25T06:30:49.456238Z,Closed,High,Delivery & Fulfillment,Address correction,Central Service Center,Customer Care,E. Thompson,Phone,16,21.90,No,3,2026-07-25T06:30:49.456238Z,Field App
SR-101017,2026-07-24T09:16:54.530406Z,2026-07-27T09:25:52.525507Z,Closed,Normal,Permit & Compliance,Policy clarification,Central Service Center,Compliance Services,O. Scott,Web,48,72.15,No,3,2026-07-27T09:25:52.525507Z,Service Portal
SR-101012,2026-07-24T10:24:29.884648Z,2026-07-27T00:41:13.483002Z,Closed,Low,Equipment & Maintenance,Preventive maintenance,North Service Center,Field Operations,P. Garcia,Email,96,62.28,Yes,4,2026-07-27T00:41:13.483002Z,Service Portal
SR-101013,2026-07-24T11:12:37.796743Z,2026-07-26T02:15:19.567217Z,Closed,Normal,General Inquiry,Status request,West Service Center,Customer Care,K. Johnson,Phone,48,39.04,No,5,2026-07-26T02:15:19.567217Z,Service Portal
SR-101007,2026-07-24T12:05:53.723114Z,2026-07-26T23:31:05.013932Z,Closed,Normal,Billing & Payments,Refund request,West Service Center,Billing Operations,L. Moore,Web,48,59.42,No,,2026-07-26T23:31:05.013932Z,Field App
SR-101014,2026-07-24T12:41:11.344442Z,2026-07-26T00:03:27.314858Z,Closed,Normal,General Inquiry,Status request,South Service Center,Customer Care,D. Wilson,Phone,48,35.37,Yes,4,2026-07-26T00:03:27.314858Z,Service Portal
SR-101016,2026-07-24T14:50:08.628512Z,2026-07-27T20:31:26.253404Z,Closed,Normal,Equipment & Maintenance,Preventive maintenance,,Field Operations,N. Lewis,Walk-in,48,77.69,No,,2026-07-27T20:31:26.253404Z,Contact Center
SR-101015,2026-07-24T17:04:38.086404Z,2026-07-24T22:19:56.833936Z,Closed,High,Account Access,Permission request,Central Service Center,Technical Support,J. Brooks,Web,16,5.26,No,,2026-07-24T22:19:56.833936Z,Service Portal
SR-101018,2026-07-24T18:46:51.707480Z,2026-07-25T05:29:32.822113Z,Closed,Critical,Billing & Payments,Payment failure,South Service Center,Billing Operations,R. Williams,Web,4,10.71,No,,2026-07-25T05:29:32.822113Z,Contact Center
SR-101010,2026-07-24T18:49:01.593515Z,2026-07-25T05:42:38.891509Z,Closed,Normal,General Inquiry,Status request,South Service Center,Customer Care,K. Johnson,Phone,48,10.89,No,,2026-07-25T05:42:38.891509Z,Service Portal
SR-101009,2026-07-24T19:33:06.920077Z,2026-07-25T12:42:31.992043Z,Closed,Low,General Inquiry,Service information,North Service Center,Customer Care,D. Wilson,Walk-in,96,17.16,No,5,2026-07-25T12:42:31.992043Z,Service Portal
SR-101021,2026-07-25T07:50:24.941578Z,2026-07-28T09:21:07.539319Z,Closed,Normal,Equipment & Maintenance,Replacement request,West Service Center,Field Operations,V. Hall,Phone,48,73.51,No,,2026-07-28T09:21:07.539319Z,Service Portal
SR-101027,2026-07-25T07:54:41.615760Z,2026-07-27T01:13:13.755415Z,Closed,Normal,Equipment & Maintenance,Device repair,Central Service Center,Field Operations,H. Clark,Mobile,48,41.31,No,,2026-07-27T01:13:13.755415Z,Service Portal
SR-101026,2026-07-25T08:40:24.924102Z,2026-07-29T14:22:37.005624Z,Closed,Normal,Equipment & Maintenance,Preventive maintenance,Central Service Center,Field Operations,V. Hall,Email,48,101.70,No,4,2026-07-29T14:22:37.005624Z,Service Portal
SR-101025,2026-07-25T10:49:27.039837Z,2026-07-26T13:44:03.436951Z,Closed,Normal,Billing & Payments,Refund request,South Service Center,Billing Operations,L. Moore,Phone,48,26.91,No,4,2026-07-26T13:44:03.436951Z,Service Portal
SR-101020,2026-07-25T10:50:41.045020Z,2026-07-26T16:07:53.908250Z,Closed,High,Permit & Compliance,Documentation review,South Service Center,Compliance Services,F. Wright,Web,16,29.29,No,4,2026-07-26T16:07:53.908250Z,Service Portal
SR-101028,2026-07-25T11:07:54.334664Z,2026-07-26T08:13:18.131501Z,Closed,Normal,Account Access,Permission request,North Service Center,Technical Support,M. Chen,Email,48,21.09,No,5,2026-07-26T08:13:18.131501Z,Field App
SR-101022,2026-07-25T11:49:00.142088Z,2026-07-27T11:30:25.478525Z,Closed,High,Permit & Compliance,Application status,North Service Center,Compliance Services,I. Adams,Mobile,16,47.69,No,3,2026-07-27T11:30:25.478525Z,Service Portal
SR-101023,2026-07-25T13:45:48.311044Z,2026-07-26T18:07:29.758469Z,Closed,Normal,Delivery & Fulfillment,Late delivery,Central Service Center,Customer Care,D. Wilson,Walk-in,48,28.36,No,3,2026-07-26T18:07:29.758469Z,Contact Center
SR-101024,2026-07-25T16:57:33.052830Z,2026-07-26T23:31:04.604294Z,Closed,Normal,Billing & Payments,Refund request,North Service Center,Billing Operations,T. Nguyen,Walk-in,48,30.56,No,4,2026-07-26T23:31:04.604294Z,Contact Center
SR-101019,2026-07-25T17:01:51.138311Z,2026-07-28T21:58:45.475276Z,Closed,Normal,Equipment & Maintenance,Device repair,Remote,Field Operations,V. Hall,Phone,48,76.95,No,,2026-07-28T21:58:45.475276Z,Contact Center
SR-101041,2026-07-26T07:41:04.208234Z,2026-07-27T20:32:57.858758Z,Closed,High,Billing & Payments,Payment failure,South Service Center,Billing Operations,C. Davis,Phone,16,36.86,No,,2026-07-27T20:32:57.858758Z,Service Portal
SR-101041,2026-07-26T07:41:04.208234Z,2026-07-27T20:32:57.858758Z,Closed,High,Billing & Payments,Payment failure,South Service Center,Billing Operations,C. Davis,Phone,16,36.86,No,,2026-08-24T01:11:00.958730Z,Service Portal
SR-101040,2026-07-26T08:53:14.217735Z,2026-07-27T09:11:46.335825Z,Closed,Normal,Billing & Payments,Payment failure,Remote,Billing Operations,R. Williams,Phone,48,24.31,No,,2026-07-27T09:11:46.335825Z,Service Portal
SR-101035,2026-07-26T09:55:42.337361Z,2026-07-27T16:33:41.343751Z,Closed,Normal,Billing & Payments,Payment failure,West Service Center,Billing Operations,C. Davis,Web,48,30.63,No,4,2026-07-27T16:33:41.343751Z,Service Portal
SR-101029,2026-07-26T10:26:54.481863Z,2026-07-28T10:24:42.183571Z,Closed,Low,Billing & Payments,Invoice question,Central Service Center,Billing Operations,L. Moore,Phone,96,47.96,No,3,2026-07-28T10:24:42.183571Z,Service Portal
SR-101036,2026-07-26T12:35:19.377792Z,2026-07-28T19:54:08.378161Z,Closed,Normal,Equipment & Maintenance,Preventive maintenance,Central Service Center,Field Operations,H. Clark,Email,48,55.31,No,,2026-07-28T19:54:08.378161Z,Contact Center
SR-101032,2026-07-26T14:31:25.458782Z,2026-07-28T04:47:36.938588Z,Closed,Normal,Equipment & Maintenance,Preventive maintenance,Remote,Field Operations,H. Clark,Web,48,38.27,No,4,2026-07-28T04:47:36.938588Z,Contact Center
SR-101038,2026-07-26T15:31:40.229860Z,2026-07-30T03:18:04.625300Z,Closed,Low,Equipment & Maintenance,Preventive maintenance,Central Service Center,Field Operations,V. Hall,Phone,96,83.77,No,,2026-07-30T03:18:04.625300Z,Service Portal
SR-101031,2026-07-26T16:02:57.982520Z,2026-07-27T15:59:21.171850Z,Closed,High,Delivery & Fulfillment,Address correction,North Service Center,Customer Care,E. Thompson,Mobile,16,23.94,No,3,2026-07-27T15:59:21.171850Z,Service Portal
SR-101030,2026-07-26T16:34:43.424650Z,2026-07-27T16:15:47.333718Z,Closed,High,Delivery & Fulfillment,Damaged item,Central Service Center,Customer Care,D. Wilson,Web,16,23.68,No,3,2026-07-27T16:15:47.333718Z,Contact Center
SR-101039,2026-07-26T18:18:06.537218Z,2026-07-27T05:03:43.703283Z,Closed,Normal,Account Access,Password reset,Remote,Technical Support,J. Brooks,Email,48,10.76,No,5,2026-07-27T05:03:43.703283Z,Field App
SR-101033,2026-07-26T18:25:26.219080Z,2026-07-28T08:44:12.508366Z,Closed,Normal,Permit & Compliance,Documentation review,North Service Center,Compliance Services,G. Baker,Phone,48,38.31,No,3,2026-07-28T08:44:12.508366Z,Contact Center
SR-101034,2026-07-26T19:54:32.946270Z,2026-07-28T16:56:36.760884Z,Closed,High,Equipment & Maintenance,Preventive maintenance,Central Service Center,Field Operations,P. Garcia,Web,16,45.03,No,,2026-07-28T16:56:36.760884Z,Service Portal
SR-101037,2026-07-26T21:13:18.743297Z,2026-07-29T13:03:23.160639Z,Closed,High,Equipment & Maintenance,Preventive maintenance,North Service Center,Field Operations,N. Lewis,Email,16,63.83,No,4,2026-07-29T13:03:23.160639Z,Service Portal
SR-101045,2026-07-27T08:18:07.608394Z,2026-07-27T22:35:04.438984Z,Closed,Normal,General Inquiry,Service information,South Service Center,Customer Care,K. Johnson,Web,48,14.28,No,,2026-07-27T22:35:04.438984Z,Service Portal
SR-101052,2026-07-27T09:57:49.009646Z,2026-07-27T18:13:22.416050Z,Closed,Normal,Account Access,Password reset,Remote,Technical Support,M. Chen,Phone,48,8.26,No,,2026-07-27T18:13:22.416050Z,Service Portal
SR-101043,2026-07-27T10:53:50.695077Z,2026-07-27T16:15:10.873337Z,Closed,Critical,Billing & Payments,Refund request,Central Service Center,Billing Operations,T. Nguyen,Mobile,4,5.36,No,4,2026-07-27T16:15:10.873337Z,Service Portal
SR-101051,2026-07-27T12:00:49.447804Z,2026-07-28T02:15:10.189172Z,Closed,High,General Inquiry,Feedback,Remote,Customer Care,B. Martin,Phone,16,14.24,No,,2026-07-28T02:15:10.189172Z,Service Portal
SR-101046,2026-07-27T12:30:52.858364Z,2026-07-29T21:00:03.472877Z,Closed,Normal,Equipment & Maintenance,Replacement request,Central Service Center,Field Operations,H. Clark,Mobile,48,56.49,No,,2026-07-29T21:00:03.472877Z,Field App
SR-101049,2026-07-27T12:35:15.621255Z,2026-08-02T02:24:59.889726Z,Closed,Normal,Equipment & Maintenance,Preventive maintenance,Central Service Center,Field Operations,V. Hall,Phone,0,133.83,No,3,2026-08-02T02:24:59.889726Z,Field App
SR-101044,2026-07-27T15:00:10.572325Z,2026-07-28T00:40:50.668437Z,Closed,Normal,Account Access,Identity verification,North Service Center,Technical Support,J. Brooks,Web,48,9.68,No,,2026-07-28T00:40:50.668437Z,Field App
SR-101042,2026-07-27T17:05:40.580006Z,2026-07-29T09:19:22.318754Z,Closed,Normal,Permit & Compliance,Application status,Central Service Center,Compliance Services,G. Baker,Email,48,40.23,No,,2026-07-29T09:19:22.318754Z,Contact Center
SR-101053,2026-07-27T17:06:54.426759Z,2026-07-28T04:17:38.505851Z,Closed,Low,Account Access,Password reset,Remote,Technical Support,S. Rivera,Email,96,11.18,No,4,2026-07-28T04:17:38.505851Z,Service Portal
SR-101048,2026-07-27T17:13:48.284718Z,2026-07-28T07:32:29.968418Z,Closed,Low,General Inquiry,Feedback,Remote,Customer Care,E. Thompson,Email,96,14.31,No,4,2026-07-28T07:32:29.968418Z,Contact Center
SR-101047,2026-07-27T17:26:55.910504Z,2026-07-28T05:09:27.161193Z,Closed,Low,Account Access,Permission request,Remote,Technical Support,A. Patel,Web,96,11.71,No,3,2026-07-28T05:09:27.161193Z,Service Portal
SR-101050,2026-07-27T19:40:43.720277Z,2026-07-28T01:38:20.882718Z,Closed,Normal,Account Access,Password reset,Remote,Technical Support,A. Patel,Web,48,5.96,No,5,2026-07-28T01:38:20.882718Z,Service Portal
SR-101060,2026-07-28T08:30:41.887218Z,2026-07-28T16:26:53.015739Z,Closed,Normal,Account Access,Password reset,Remote,Technical Support,A. Patel,Mobile,48,7.94,No,4,2026-07-28T16:26:53.015739Z,Service Portal
SR-101057,2026-07-28T10:42:50.076968Z,2026-07-29T16:26:04.077769Z,Closed,Normal,Billing & Payments,Invoice question,West Service Center,Billing Operations,R. Williams,Web,48,29.72,No,7,2026-07-29T16:26:04.077769Z,Service Portal
SR-101063,2026-07-28T11:35:02.782482Z,2026-07-30T04:15:36.150247Z,Closed,Normal,Permit & Compliance,Application status,West Service Center,Compliance Services,I. Adams,Email,48,40.68,No,4,2026-07-30T04:15:36.150247Z,Service Portal
SR-101054,2026-07-28T13:04:56.412846Z,2026-07-29T00:18:20.662778Z,Closed,Low,Account Access,Password reset,Central Service Center,Technical Support,M. Chen,Web,96,11.22,No,,2026-07-29T00:18:20.662778Z,Service Portal
SR-101062,2026-07-28T13:24:21.868089Z,2026-07-28T22:57:51.667902Z,Closed,Normal,Account Access,Permission request,South Service Center,Technical Support,A. Patel,Web,48,9.56,No,5,2026-07-28T22:57:51.667902Z,Contact Center
SR-101058,2026-07-28T13:28:42.172007Z,2026-07-29T13:55:30.747888Z,Closed,High,General Inquiry,Service information,South Service Center,Customer Care,K. Johnson,Phone,16,24.45,No,,2026-07-29T13:55:30.747888Z,Service Portal
SR-101059,2026-07-28T15:28:46.734080Z,2026-07-29T18:49:04.468710Z,Closed,Critical,Permit & Compliance,Documentation review,Central Service Center,Compliance Services,F. Wright,Phone,4,27.34,No,3,2026-07-29T18:49:04.468710Z,Service Portal
SR-101061,2026-07-28T16:57:59.779104Z,2026-07-28T20:16:31.073969Z,Closed,Normal,Account Access,Identity verification,Central Service Center,Technical Support,S. Rivera,Walk-in,48,3.31,No,4,2026-07-28T20:16:31.073969Z,Service Portal
SR-101056,2026-07-28T17:08:55.882415Z,2026-07-31T01:52:14.136927Z,Closed,Normal,Delivery & Fulfillment,Damaged item,North Service Center,Customer Care,D. Wilson,Web,48,56.72,No,,2026-07-31T01:52:14.136927Z,Field App
SR-101055,2026-07-28T19:34:58.274485Z,2026-07-30T05:56:58.826276Z,Closed,Normal,Billing & Payments,Refund request,Remote,Billing Operations,R. Williams,Mobile,48,34.37,No,,2026-07-30T05:56:58.826276Z,Service Portal
SR-101075,2026-07-29T08:07:51.218018Z,2026-07-29T17:20:24.895349Z,Closed,High,Billing & Payments,Refund request,North Service Center,Billing Operations,C. Davis,Mobile,16,9.21,No,5,2026-07-29T17:20:24.895349Z,Service Portal
SR-101066,2026-07-29T09:00:25.771392Z,2026-07-29T18:35:40.038300Z,Closed,High,General Inquiry,Feedback,South Service Center,Customer Care,B. Martin,Email,16,9.59,No,4,2026-07-29T18:35:40.038300Z,Service Portal
SR-101074,2026-07-29T09:16:07.890143Z,2026-07-31T19:45:36.070609Z,Closed,Normal,Equipment & Maintenance,Preventive maintenance,,Field Operations,V. Hall,Web,48,58.49,Yes,,2026-07-31T19:45:36.070609Z,Service Portal
SR-101071,2026-07-29T09:26:34.633060Z,2026-07-30T10:57:51.505170Z,Closed,Normal,Delivery & Fulfillment,Late delivery,Remote,Customer Care,E. Thompson,Email,48,25.52,No,5,2026-07-30T10:57:51.505170Z,Service Portal
SR-101064,2026-07-29T10:25:40.912296Z,2026-07-30T12:11:02.104670Z,Closed,High,Equipment & Maintenance,Device repair,South Service Center,Field Operations,N. Lewis,Web,16,25.76,Yes,4,2026-07-30T12:11:02.104670Z,Service Portal
SR-101072,2026-07-29T10:43:13.339133Z,2026-07-29T21:53:16.744980Z,Closed,High,Delivery & Fulfillment,Damaged item,West Service Center,Customer Care,D. Wilson,Web,16,11.17,No,4,2026-07-29T21:53:16.744980Z,Contact Center
SR-101070,2026-07-29T12:30:44.415676Z,2026-07-30T16:15:03.620419Z,Closed,Normal,Billing & Payments,Refund request,Remote,Billing Operations,C. Davis,Walk-in,48,27.74,No,4,2026-07-30T16:15:03.620419Z,Service Portal
SR-101069,2026-07-29T13:46:56.613454Z,2026-07-30T21:11:50.257108Z,Closed,Low,Permit & Compliance,Documentation review,Central Service Center,Compliance Services,O. Scott,Email,96,31.41,No,7,2026-07-30T21:11:50.257108Z,Service Portal
SR-101073,2026-07-29T15:42:34.514899Z,2026-07-31T12:09:57.541870Z,Closed,Low,Equipment & Maintenance,Preventive maintenance,Remote,Field Operations,H. Clark,Mobile,96,44.46,No,4,2026-07-31T12:09:57.541870Z,Contact Center
SR-101068,2026-07-29T16:11:55.162542Z,2026-07-30T04:42:29.302718Z,Closed,Normal,Account Access,Permission request,Remote,Technical Support,S. Rivera,Mobile,48,12.51,No,,2026-07-30T04:42:29.302718Z,Service Portal
SR-101065,2026-07-29T17:16:14.686564Z,2026-07-30T19:33:40.084743Z,Closed,Normal,Account Access,Password reset,North Service Center,Technical Support,S. Rivera,Web,48,26.29,No,5,2026-07-30T19:33:40.084743Z,Service Portal
SR-101067,2026-07-29T20:13:56.942526Z,2026-07-31T15:34:18.048342Z,Closed,Low,Permit & Compliance,Policy clarification,South Service Center,Compliance Services,G. Baker,Web,96,43.34,No,5,2026-07-31T15:34:18.048342Z,Service Portal
SR-101080,2026-07-30T08:18:58.619303Z,2026-08-01T10:54:03.362896Z,Closed,High,Equipment & Maintenance,Preventive maintenance,North Service Center,Field Operations,V. Hall,Phone,16,50.58,No,5,2026-08-01T10:54:03.362896Z,Contact Center
SR-101083,2026-07-30T08:39:49.597787Z,2026-08-02T06:57:35.236694Z,Closed,Normal,Permit & Compliance,Documentation review,South Service Center,Compliance Services,O. Scott,Phone,48,70.30,No,4,2026-08-02T06:57:35.236694Z,Contact Center
SR-101084,2026-07-30T09:19:10.792585Z,2026-08-01T13:03:26.189748Z,Closed,High,Equipment & Maintenance,Preventive maintenance,South Service Center,Field Operations,H. Clark,Phone,16,51.74,No,4,2026-08-01T13:03:26.189748Z,Service Portal
SR-101085,2026-07-30T09:25:56.337172Z,2026-07-31T08:33:18.212149Z,Closed,Normal,Billing & Payments,Refund request,Central Service Center,Billing Operations,R. Williams,Phone,48,23.12,No,4,2026-07-31T08:33:18.212149Z,Service Portal
SR-101082,2026-07-30T09:33:22.422918Z,2026-08-01T04:34:01.681353Z,Closed,Normal,Delivery & Fulfillment,Damaged item,Remote,Customer Care,B. Martin,Phone,48,43.01,No,,2026-08-01T04:34:01.681353Z,Service Portal
SR-101078,2026-07-30T10:39:22.327564Z,2026-08-04T01:57:21.113639Z,Closed,Normal,Delivery & Fulfillment,Late delivery,South Service Center,Customer Care,E. Thompson,Email,48,111.30,No,3,2026-08-04T01:57:21.113639Z,Service Portal
SR-101078,2026-07-30T10:39:22.327564Z,2026-08-04T01:57:21.113639Z,Closed,Normal,Delivery & Fulfillment,Late delivery,South Service Center,Customer Care,E. Thompson,Email,48,111.30,No,3,2026-08-24T03:06:17.739268Z,Service Portal
SR-101079,2026-07-30T12:48:34.167097Z,2026-08-02T22:41:22.702253Z,Closed,Low,Permit & Compliance,Policy clarification,North Service Center,Compliance Services,G. Baker,Email,96,81.88,No,4,2026-08-02T22:41:22.702253Z,Service Portal
SR-101081,2026-07-30T13:12:41.386484Z,2026-08-01T16:57:29.412403Z,Closed,Normal,Delivery & Fulfillment,Address correction,South Service Center,Customer Care,E. Thompson,Mobile,48,51.75,No,4,2026-08-01T16:57:29.412403Z,Service Portal
SR-101077,2026-07-30T14:29:19.469299Z,2026-08-01T03:17:11.028756Z,Closed,Normal,Billing & Payments,Payment failure,Central Service Center,Billing Operations,C. Davis,Web,48,36.80,No,4,2026-08-01T03:17:11.028756Z,Service Portal
SR-101076,2026-07-30T15:05:22.897775Z,2026-07-31T04:40:59.706490Z,Closed,High,General Inquiry,Feedback,Central Service Center,,D. Wilson,Mobile,16,13.59,No,5,2026-07-31T04:40:59.706490Z,Field App
SR-101088,2026-07-31T07:44:58.050352Z,2026-08-02T12:02:15.972906Z,Closed,Normal,Equipment & Maintenance,Replacement request,Central Service Center,Field Operations,V. Hall,Mobile,48,52.29,No,4,2026-08-02T12:02:15.972906Z,Service Portal
SR-101094,2026-07-31T08:23:00.597303Z,2026-08-01T22:22:36.624427Z,Closed,High,Equipment & Maintenance,Replacement request,West Service Center,Field Operations,N. Lewis,Walk-in,16,37.99,No,,2026-08-01T22:22:36.624427Z,Service Portal
SR-101096,2026-07-31T09:35:15.198329Z,2026-07-31T16:01:06.736664Z,Closed,Normal,Account Access,Identity verification,South Service Center,Technical Support,S. Rivera,Web,48,6.43,No,3,2026-07-31T16:01:06.736664Z,Contact Center
SR-101090,2026-07-31T10:23:54.143983Z,2026-08-05T22:42:37.510490Z,Closed,Low,Equipment & Maintenance,Device repair,Central Service Center,Field Operations,N. Lewis,Mobile,96,132.31,No,4,2026-08-05T22:42:37.510490Z,Service Portal
SR-101092,2026-07-31T14:12:35.923379Z,2026-07-31T19:13:34.250011Z,Closed,High,Account Access,Permission request,Remote,Technical Support,A. Patel,Web,16,5.02,No,,2026-07-31T19:13:34.250011Z,Service Portal
SR-101095,2026-07-31T14:47:45.909987Z,2026-08-03T02:57:20.422861Z,Closed,High,Equipment & Maintenance,Device repair,West Service Center,Field Operations,H. Clark,Mobile,16,60.16,No,,2026-08-03T02:57:20.422861Z,Service Portal
SR-101086,2026-07-31T15:00:40.145298Z,2026-08-01T10:52:34.171487Z,Closed,Low,General Inquiry,Feedback,Central Service Center,Customer Care,E. Thompson,Email,96,19.87,No,4,2026-08-01T10:52:34.171487Z,Field App
SR-101089,2026-07-31T16:19:35.833431Z,2026-08-02T20:34:46.465748Z,Closed,Normal,Equipment & Maintenance,Replacement request,Central Service Center,Field Operations,V. Hall,Mobile,48,52.25,No,,2026-08-02T20:34:46.465748Z,Service Portal
SR-101097,2026-07-31T16:46:25.317486Z,2026-08-01T23:48:37.365501Z,Closed,Normal,Billing & Payments,Invoice question,Central Service Center,Billing Operations,R. Williams,Web,48,31.04,Yes,,2026-08-01T23:48:37.365501Z,Field App
SR-101091,2026-07-31T16:54:35.822392Z,2026-08-01T23:20:54.446431Z,Closed,High,Equipment & Maintenance,Preventive maintenance,Remote,Field Operations,V. Hall,Email,16,30.44,No,3,2026-08-01T23:20:54.446431Z,Service Portal
SR-101093,2026-07-31T17:46:55.934734Z,2026-08-03T18:28:19.388666Z,Closed,Low,Billing & Payments,Payment failure,North Service Center,Billing Operations,T. Nguyen,Email,96,72.69,No,,2026-08-03T18:28:19.388666Z,Contact Center
SR-101087,2026-07-31T18:45:18.610285Z,2026-08-05T11:18:50.987589Z,Closed,Normal,Permit & Compliance,Application status,North Service Center,Compliance Services,G. Baker,Web,48,112.56,No,3,2026-08-05T11:18:50.987589Z,Contact Center
SR-101104,2026-08-01T08:39:46.054031Z,2026-08-01T14:20:20.558117Z,Closed,Critical,Billing & Payments,Payment failure,Central Service Center,Billing Operations,C. Davis,Web,4,5.68,No,,2026-08-01T14:20:20.558117Z,Field App
SR-101105,2026-08-01T09:06:12.981997Z,2026-08-01T23:37:33.194182Z,Closed,Normal,Account Access,Identity verification,North Service Center,Technical Support,S. Rivera,Walk-in,48,14.52,No,5,2026-08-01T23:37:33.194182Z,Service Portal
SR-101099,2026-08-01T09:14:04.792797Z,2026-08-02T04:11:56.391017Z,Closed,High,Billing & Payments,Invoice question,South Service Center,Billing Operations,R. Williams,Mobile,16,18.96,No,4,2026-08-02T04:11:56.391017Z,Service Portal
SR-101102,2026-08-01T10:35:34.045993Z,2026-08-02T20:05:10.704478Z,Closed,Normal,Delivery & Fulfillment,Damaged item,West Service Center,Customer Care,D. Wilson,Mobile,48,33.49,No,,2026-08-02T20:05:10.704478Z,Contact Center
SR-101100,2026-08-01T11:06:46.346117Z,2026-08-03T12:37:34.299375Z,Closed,High,Delivery & Fulfillment,Damaged item,Central Service Center,Customer Care,E. Thompson,Web,16,49.51,No,,2026-08-03T12:37:34.299375Z,Contact Center
SR-101103,2026-08-01T16:52:05.209455Z,2026-08-04T08:19:10.937109Z,Closed,Low,Permit & Compliance,Documentation review,South Service Center,Compliance Services,F. Wright,Email,96,63.45,No,5,2026-08-04T08:19:10.937109Z,Field App
SR-101098,2026-08-01T17:09:36.435505Z,2026-08-02T16:31:34.738002Z,Closed,Normal,Account Access,Permission request,North Service Center,Technical Support,S. Rivera,Phone,48,23.37,No,,2026-08-02T16:31:34.738002Z,Contact Center
SR-101101,2026-08-01T19:59:54.929943Z,2026-08-07T15:02:39.326197Z,Closed,Low,Permit & Compliance,Policy clarification,South Service Center,Compliance Services,F. Wright,Phone,96,139.05,No,4,2026-08-07T15:02:39.326197Z,Service Portal
SR-101110,2026-08-02T09:21:44.771173Z,2026-08-03T11:49:29.782722Z,Closed,Normal,Billing & Payments,Invoice question,Remote,Billing Operations,L. Moore,Walk-in,48,26.46,No,,2026-08-03T11:49:29.782722Z,Contact Center
SR-101112,2026-08-02T09:23:40.928093Z,2026-08-02T19:28:21.470515Z,Closed,Normal,Account Access,Identity verification,Central Service Center,Technical Support,S. Rivera,Mobile,48,10.08,No,4,2026-08-02T19:28:21.470515Z,Field App
SR-101106,2026-08-02T16:16:41.944849Z,2026-08-03T23:34:53.076905Z,Closed,High,Billing & Payments,Refund request,North Service Center,Billing Operations,R. Williams,Phone,16,31.30,No,3,2026-08-03T23:34:53.076905Z,Service Portal
SR-101111,2026-08-02T16:26:10.736615Z,2026-08-05T07:35:31.344328Z,Closed,Normal,Permit & Compliance,Documentation review,South Service Center,Compliance Services,O. Scott,Phone,48,63.16,No,4,2026-08-05T07:35:31.344328Z,Service Portal
SR-101109,2026-08-02T19:57:29.015913Z,2026-08-03T10:25:10.032962Z,Closed,High,Account Access,Permission request,South Service Center,Technical Support,M. Chen,Phone,16,14.46,No,3,2026-08-03T10:25:10.032962Z,Service Portal
SR-101108,2026-08-02T19:59:16.488191Z,2026-08-05T17:18:06.755689Z,Closed,Normal,Equipment & Maintenance,Device repair,North Service Center,Field Operations,H. Clark,Web,48,69.31,No,3,2026-08-05T17:18:06.755689Z,Contact Center
SR-101107,2026-08-02T20:09:47.207395Z,2026-08-03T23:29:43.976503Z,Closed,Low,General Inquiry,Feedback,West Service Center,Customer Care,D. Wilson,Phone,96,27.33,No,4,2026-08-03T23:29:43.976503Z,Contact Center
SR-101123,2026-08-03T08:39:38.196806Z,2026-08-09T00:03:59.680946Z,Closed,Normal,Equipment & Maintenance,Preventive maintenance,West Service Center,Field Operations,H. Clark,Email,48,135.41,No,3,2026-08-09T00:03:59.680946Z,Service Portal
SR-101122,2026-08-03T09:49:11.053694Z,2026-08-03T21:06:29.800604Z,Closed,Normal,General Inquiry,Status request,Central Service Center,Customer Care,D. Wilson,Web,48,11.29,No,,2026-08-03T21:06:29.800604Z,Service Portal
SR-101113,2026-08-03T09:49:29.960207Z,2026-08-04T07:25:13.119909Z,Closed,High,Permit & Compliance,Documentation review,Remote,Compliance Services,F. Wright,Phone,16,21.60,No,3,2026-08-04T07:25:13.119909Z,Service Portal
SR-101115,2026-08-03T11:04:21.084875Z,2026-08-04T07:03:08.389616Z,Closed,Low,Account Access,Password reset,North Service Center,Technical Support,J. Brooks,Email,96,19.98,No,,2026-08-04T07:03:08.389616Z,Service Portal
SR-101117,2026-08-03T11:31:23.942611Z,2026-08-05T13:25:31.806497Z,Closed,Normal,Permit & Compliance,Policy clarification,South Service Center,Compliance Services,O. Scott,Walk-in,48,49.90,No,,2026-08-05T13:25:31.806497Z,Service Portal
SR-101118,2026-08-03T13:18:00.216824Z,2026-08-04T03:56:24.001882Z,Closed,High,Delivery & Fulfillment,Damaged item,West Service Center,Customer Care,D. Wilson,Web,16,14.64,No,4,2026-08-04T03:56:24.001882Z,Contact Center
SR-101114,2026-08-03T14:40:49.934918Z,2026-08-09T21:56:12.702391Z,Closed,Normal,Permit & Compliance,Documentation review,South Service Center,Compliance Services,O. Scott,Mobile,48,151.26,No,3,2026-08-09T21:56:12.702391Z,Service Portal
SR-101116,2026-08-03T16:00:18.255380Z,2026-08-10T12:12:11.759769Z,Closed,Low,Equipment & Maintenance,Device repair,Central Service Center,Field Operations,N. Lewis,Walk-in,96,164.20,No,,2026-08-10T12:12:11.759769Z,Field App
SR-101121,2026-08-03T16:40:44.421822Z,2026-08-04T00:53:34.085114Z,Closed,High,General Inquiry,Feedback,West Service Center,Customer Care,E. Thompson,Email,16,8.21,No,4,2026-08-04T00:53:34.085114Z,Service Portal
SR-101119,2026-08-03T17:00:29.246030Z,2026-08-04T07:40:46.169235Z,Closed,High,Billing & Payments,Invoice question,West Service Center,Billing Operations,C. Davis,Walk-in,16,14.67,No,2,2026-08-04T07:40:46.169235Z,Service Portal
SR-101120,2026-08-03T20:53:54.380115Z,2026-08-09T06:54:05.915799Z,Closed,Normal,Permit & Compliance,Application status,West Service Center,Compliance Services,I. Adams,Mobile,48,130.00,No,4,2026-08-09T06:54:05.915799Z,Contact Center
SR-101133,2026-08-04T07:46:20.737244Z,2026-08-04T13:41:47.744014Z,Closed,Normal,Account Access,Identity verification,West Service Center,Technical Support,A. Patel,Web,48,5.92,No,4,2026-08-04T13:41:47.744014Z,Service Portal
SR-101136,2026-08-04T08:10:35.552158Z,2026-08-06T01:31:42.207512Z,Closed,Normal,Permit & Compliance,Documentation review,Central Service Center,Compliance Services,I. Adams,Web,48,41.35,No,4,2026-08-06T01:31:42.207512Z,Service Portal
SR-101135,2026-08-04T09:10:01.887187Z,2026-08-04T22:15:53.185643Z,Closed,Normal,General Inquiry,Status request,South Service Center,Customer Care,D. Wilson,Email,48,13.10,No,4,2026-08-04T22:15:53.185643Z,Contact Center
SR-101129,2026-08-04T09:57:25.520666Z,2026-08-05T09:57:12.405305Z,Closed,Low,Billing & Payments,Invoice question,Central Service Center,Billing Operations,C. Davis,Mobile,96,24.00,Yes,3,2026-08-05T09:57:12.405305Z,Contact Center
SR-101130,2026-08-04T10:27:32.196440Z,2026-08-05T01:00:39.408495Z,Closed,Normal,Account Access,Identity verification,Central Service Center,Technical Support,J. Brooks,Phone,48,14.55,Yes,4,2026-08-05T01:00:39.408495Z,Contact Center
SR-101125,2026-08-04T11:30:28.202699Z,2026-08-04T20:08:55.176215Z,Closed,High,Billing & Payments,Refund request,North Service Center,Billing Operations,C. Davis,Mobile,16,8.64,No,4,2026-08-04T20:08:55.176215Z,Contact Center
SR-101138,2026-08-04T12:51:53.327175Z,2026-08-07T02:54:24.118367Z,Closed,Normal,Equipment & Maintenance,Device repair,Remote,Field Operations,P. Garcia,Web,48,62.04,No,,2026-08-07T02:54:24.118367Z,Contact Center
SR-101137,2026-08-04T15:30:10.572165Z,2026-08-05T07:18:00.922497Z,Closed,High,General Inquiry,Service information,North Service Center,Customer Care,B. Martin,Walk-in,16,15.80,No,5,2026-08-05T07:18:00.922497Z,Field App
SR-101127,2026-08-04T16:00:06.737652Z,2026-08-06T08:59:00.116151Z,Closed,Low,Billing & Payments,Invoice question,Central Service Center,Billing Operations,L. Moore,Email,96,40.98,Yes,4,2026-08-06T08:59:00.116151Z,Service Portal
SR-101132,2026-08-04T16:45:41.668813Z,2026-08-06T15:18:18.923648Z,Closed,Normal,Equipment & Maintenance,Replacement request,Remote,Field Operations,V. Hall,Web,48,46.54,No,5,2026-08-06T15:18:18.923648Z,Service Portal
SR-101126,2026-08-04T17:35:47.219767Z,2026-08-06T00:02:44.978151Z,Closed,Normal,Equipment & Maintenance,Device repair,Remote,Field Operations,H. Clark,Walk-in,48,30.45,No,4,2026-08-06T00:02:44.978151Z,Contact Center
SR-101128,2026-08-04T19:01:39.289217Z,2026-08-05T03:15:13.195424Z,Closed,Critical,Delivery & Fulfillment,Damaged item,North Service Center,Customer Care,D. Wilson,Email,4,8.23,No,,2026-08-05T03:15:13.195424Z,Service Portal
SR-101134,2026-08-04T19:01:49.396600Z,2026-08-04T23:32:15.243236Z,Closed,Normal,Account Access,Identity verification,Remote,Technical Support,S. Rivera,Mobile,48,4.51,No,4,2026-08-04T23:32:15.243236Z,Contact Center
SR-101124,2026-08-04T19:29:49.467500Z,2026-08-05T23:48:04.927826Z,Closed,High,Equipment & Maintenance,Preventive maintenance,Central Service Center,Field Operations,P. Garcia,Email,16,28.30,No,4,2026-08-05T23:48:04.927826Z,Service Portal
SR-101131,2026-08-04T20:42:48.185446Z,2026-08-07T07:13:35.111463Z,Closed,Low,Permit & Compliance,Documentation review,Central Service Center,Compliance Services,O. Scott,Email,96,58.51,No,4,2026-08-07T07:13:35.111463Z,Service Portal
SR-101139,2026-08-05T09:09:01.838404Z,2026-08-06T13:52:10.381994Z,Closed,High,Equipment & Maintenance,Replacement request,Central Service Center,Field Operations,V. Hall,Email,16,28.72,No,,2026-08-06T13:52:10.381994Z,Service Portal
SR-101146,2026-08-05T10:51:04.383651Z,2026-08-09T03:46:12.119367Z,Closed,Normal,Equipment & Maintenance,Device repair,West Service Center,Field Operations,P. Garcia,Web,48,88.92,No,,2026-08-09T03:46:12.119367Z,Contact Center
SR-101148,2026-08-05T11:06:57.158185Z,2026-08-08T03:36:55.239691Z,Closed,Low,Equipment & Maintenance,Device repair,South Service Center,Field Operations,P. Garcia,Mobile,96,64.50,No,,2026-08-08T03:36:55.239691Z,Contact Center
SR-101143,2026-08-05T14:03:23.058468Z,2026-08-06T08:45:29.515455Z,Closed,Normal,Account Access,Identity verification,Central Service Center,Technical Support,M. Chen,Mobile,48,18.70,No,5,2026-08-06T08:45:29.515455Z,Contact Center
SR-101140,2026-08-05T14:08:03.045486Z,2026-08-07T13:59:49.479219Z,Closed,Low,General Inquiry,Service information,Central Service Center,Customer Care,E. Thompson,Web,96,47.86,No,5,2026-08-07T13:59:49.479219Z,Service Portal
SR-101145,2026-08-05T15:17:37.402596Z,2026-08-06T04:12:17.926289Z,Closed,Normal,Account Access,Permission request,West Service Center,Technical Support,A. Patel,Email,48,12.91,No,,2026-08-06T04:12:17.926289Z,Service Portal
SR-101147,2026-08-05T16:00:19.018532Z,2026-08-06T07:27:06.446414Z,Closed,Normal,Account Access,Permission request,North Service Center,Technical Support,S. Rivera,Phone,48,15.45,No,4,2026-08-06T07:27:06.446414Z,Service Portal
SR-101144,2026-08-05T16:49:19.001183Z,2026-08-08T20:33:56.914765Z,Closed,Low,Delivery & Fulfillment,Address correction,North Service Center,Customer Care,B. Martin,Walk-in,96,75.74,No,5,2026-08-08T20:33:56.914765Z,Field App
SR-101141,2026-08-05T17:15:06.457478Z,2026-08-05T21:40:07.981292Z,Closed,High,Account Access,Identity verification,North Service Center,Technical Support,A. Patel,Mobile,16,4.42,No,4,2026-08-05T21:40:07.981292Z,Contact Center
SR-101151,2026-08-05T17:25:52.761538Z,2026-08-07T11:26:09.807974Z,Closed,High,Billing & Payments,Invoice question,West Service Center,Billing Operations,L. Moore,Web,16,42.00,Yes,7,2026-08-07T11:26:09.807974Z,Field App
SR-101152,2026-08-05T18:03:22.580380Z,2026-08-07T04:45:50.069102Z,Closed,High,Delivery & Fulfillment,Damaged item,Remote,Customer Care,K. Johnson,Web,16,34.71,No,3,2026-08-07T04:45:50.069102Z,Service Portal
SR-101150,2026-08-05T18:17:30.201455Z,2026-08-06T11:36:52.219842Z,Closed,Normal,Delivery & Fulfillment,Address correction,North Service Center,Customer Care,K. Johnson,Email,48,17.32,No,5,2026-08-06T11:36:52.219842Z,Service Portal
SR-101142,2026-08-05T18:37:31.461415Z,2026-08-06T08:41:21.980610Z,Closed,Normal,General Inquiry,Status request,North Service Center,Customer Care,K. Johnson,Email,48,14.06,No,5,2026-08-06T08:41:21.980610Z,Contact Center
SR-101149,2026-08-05T19:54:42.143728Z,2026-08-08T14:52:47.623495Z,Closed,Normal,Permit & Compliance,Policy clarification,Central Service Center,Compliance Services,F. Wright,Phone,48,66.97,No,,2026-08-08T14:52:47.623495Z,Service Portal
SR-101154,2026-08-06T08:11:15.573032Z,2026-08-06T14:35:48.555707Z,Closed,High,Account Access,Password reset,North Service Center,Technical Support,S. Rivera,Web,16,6.41,No,,2026-08-06T14:35:48.555707Z,Service Portal
SR-101159,2026-08-06T08:55:24.704342Z,2026-08-07T00:08:54.191645Z,Closed,Normal,Delivery & Fulfillment,Damaged item,Central Service Center,Customer Care,E. Thompson,Email,48,15.22,Yes,5,2026-08-07T00:08:54.191645Z,Service Portal
SR-101153,2026-08-06T11:47:01.676912Z,2026-08-09T04:42:50.282826Z,Closed,Normal,Delivery & Fulfillment,Address correction,Central Service Center,Customer Care,D. Wilson,Web,48,64.93,No,3,2026-08-09T04:42:50.282826Z,Service Portal
SR-101155,2026-08-06T13:04:18.721586Z,2026-08-07T01:52:24.281629Z,Closed,Normal,Account Access,Password reset,Remote,Technical Support,M. Chen,Phone,48,12.80,No,4,2026-08-07T01:52:24.281629Z,Service Portal
SR-101162,2026-08-06T13:09:29.292391Z,2026-08-11T18:52:32.455472Z,Closed,Low,Permit & Compliance,Documentation review,Central Service Center,Compliance Services,I. Adams,Web,96,125.72,No,4,2026-08-11T18:52:32.455472Z,Contact Center
SR-101163,2026-08-06T13:38:39.146575Z,2026-08-07T06:41:27.708984Z,Closed,Normal,General Inquiry,Feedback,Remote,Customer Care,K. Johnson,Web,0,17.05,No,,2026-08-07T06:41:27.708984Z,Service Portal
SR-101161,2026-08-06T14:09:42.059106Z,2026-08-08T09:45:14.867131Z,Closed,High,Permit & Compliance,Application status,Remote,Compliance Services,O. Scott,Phone,16,43.59,No,4,2026-08-08T09:45:14.867131Z,Contact Center
SR-101156,2026-08-06T15:11:09.032822Z,2026-08-08T21:42:03.879421Z,Closed,Normal,Billing & Payments,Invoice question,South Service Center,Billing Operations,T. Nguyen,Email,48,54.52,No,3,2026-08-08T21:42:03.879421Z,Contact Center
SR-101158,2026-08-06T15:52:35.627921Z,2026-08-06T21:59:56.668995Z,Closed,Normal,General Inquiry,Status request,South Service Center,Customer Care,E. Thompson,Walk-in,48,6.12,No,,2026-08-06T21:59:56.668995Z,Service Portal
SR-101157,2026-08-06T18:08:19.970554Z,2026-08-09T00:29:01.903718Z,Closed,Low,Delivery & Fulfillment,Late delivery,Remote,Customer Care,K. Johnson,Web,96,54.34,No,4,2026-08-09T00:29:01.903718Z,Service Portal
SR-101160,2026-08-06T18:54:16.995510Z,2026-08-07T00:35:39.779600Z,Closed,High,Account Access,Password reset,North Service Center,Technical Support,J. Brooks,Phone,16,5.69,No,,2026-08-07T00:35:39.779600Z,Service Portal
SR-101171,2026-08-07T07:57:35.747542Z,2026-08-08T16:46:57.964594Z,Closed,Low,Delivery & Fulfillment,Damaged item,Central Service Center,Customer Care,K. Johnson,Web,96,32.82,Yes,4,2026-08-08T16:46:57.964594Z,Contact Center
SR-101166,2026-08-07T10:10:54.178345Z,2026-08-08T11:55:49.980974Z,Closed,Low,Billing & Payments,Refund request,South Service Center,Billing Operations,C. Davis,Phone,96,25.75,No,5,2026-08-08T11:55:49.980974Z,Service Portal
SR-101177,2026-08-07T10:14:33.725370Z,2026-08-07T18:23:59.563711Z,Closed,High,General Inquiry,Status request,Remote,Customer Care,B. Martin,Web,16,8.16,No,,2026-08-07T18:23:59.563711Z,Contact Center
SR-101164,2026-08-07T10:35:29.937761Z,2026-08-09T23:00:06.717053Z,Closed,High,Delivery & Fulfillment,Damaged item,Remote,Customer Care,B. Martin,Email,16,60.41,No,3,2026-08-09T23:00:06.717053Z,Service Portal
SR-101168,2026-08-07T11:14:29.186201Z,2026-08-07T15:40:24.302364Z,Closed,Normal,Account Access,Identity verification,North Service Center,Technical Support,S. Rivera,Phone,48,4.43,No,4,2026-08-07T15:40:24.302364Z,Service Portal
SR-101167,2026-08-07T11:16:49.828103Z,2026-08-07T14:22:49.381738Z,Closed,Critical,Account Access,Identity verification,Central Service Center,Technical Support,A. Patel,Mobile,4,3.10,No,,2026-08-07T14:22:49.381738Z,Contact Center
SR-101176,2026-08-07T11:18:12.273365Z,2026-08-09T01:32:30.980480Z,Closed,Normal,Equipment & Maintenance,Replacement request,North Service Center,Field Operations,P. Garcia,Web,48,38.24,Yes,,2026-08-09T01:32:30.980480Z,Contact Center
SR-101169,2026-08-07T12:01:08.831971Z,2026-08-09T04:50:30.481363Z,Closed,Low,General Inquiry,Service information,North Service Center,Customer Care,B. Martin,Phone,96,40.82,No,4,2026-08-09T04:50:30.481363Z,Service Portal
SR-101174,2026-08-07T12:04:51.951575Z,2026-08-08T04:46:41.598010Z,Closed,Low,General Inquiry,Feedback,North Service Center,Customer Care,K. Johnson,Phone,96,16.70,No,5,2026-08-08T04:46:41.598010Z,Service Portal
SR-101170,2026-08-07T12:21:52.930234Z,2026-08-08T18:52:29.690178Z,Closed,Normal,Delivery & Fulfillment,Address correction,North Service Center,Customer Care,E. Thompson,Phone,48,30.51,No,4,2026-08-08T18:52:29.690178Z,Service Portal
SR-101173,2026-08-07T13:46:58.343286Z,2026-08-10T11:53:51.125604Z,Closed,Normal,Equipment & Maintenance,Replacement request,South Service Center,Field Operations,P. Garcia,Mobile,48,70.11,No,3,2026-08-10T11:53:51.125604Z,Field App
SR-101175,2026-08-07T15:04:27.569408Z,2026-08-08T11:57:15.064737Z,Closed,Critical,Equipment & Maintenance,Device repair,West Service Center,Field Operations,N. Lewis,Email,4,20.88,No,3,2026-08-08T11:57:15.064737Z,Service Portal
SR-101165,2026-08-07T17:44:12.869737Z,2026-08-08T09:45:53.958345Z,Closed,Normal,Billing & Payments,Invoice question,West Service Center,Billing Operations,R. Williams,Email,48,16.03,No,4,2026-08-08T09:45:53.958345Z,Service Portal
SR-101172,2026-08-07T19:44:16.925031Z,2026-08-08T01:54:56.440578Z,Closed,Normal,Account Access,Permission request,North Service Center,Technical Support,M. Chen,Email,48,6.18,Yes,3,2026-08-08T01:54:56.440578Z,Contact Center
SR-101179,2026-08-08T16:41:18.823022Z,2026-08-10T02:59:53.938993Z,Closed,Low,Delivery & Fulfillment,Address correction,North Service Center,Customer Care,B. Martin,Mobile,96,34.31,No,4,2026-08-10T02:59:53.938993Z,Service Portal
SR-101178,2026-08-08T17:23:14.640935Z,2026-08-09T06:39:06.942579Z,Closed,Normal,Account Access,Permission request,West Service Center,Technical Support,A. Patel,Web,48,13.26,No,3,2026-08-09T06:39:06.942579Z,Contact Center
SR-101181,2026-08-09T08:24:32.284536Z,2026-08-13T10:33:36.805755Z,Closed,Normal,Permit & Compliance,Application status,Remote,Compliance Services,I. Adams,Web,48,98.15,No,3,2026-08-13T10:33:36.805755Z,Field App
SR-101183,2026-08-09T09:08:07.761693Z,2026-08-11T03:25:07.750524Z,Closed,High,Equipment & Maintenance,Replacement request,South Service Center,Field Operations,H. Clark,Phone,16,42.28,No,,2026-08-11T03:25:07.750524Z,Service Portal
SR-101182,2026-08-09T12:22:02.221466Z,2026-08-14T22:14:47.832571Z,Closed,Normal,Equipment & Maintenance,Replacement request,South Service Center,Field Operations,H. Clark,Mobile,48,129.88,No,3,2026-08-14T22:14:47.832571Z,Service Portal
SR-101184,2026-08-09T15:15:31.662509Z,2026-08-11T15:26:04.559323Z,Closed,Normal,Equipment & Maintenance,Device repair,South Service Center,Field Operations,V. Hall,Email,48,48.18,No,4,2026-08-11T15:26:04.559323Z,Contact Center
SR-101180,2026-08-09T19:30:16.473418Z,2026-08-11T05:56:15.984483Z,Closed,High,Equipment & Maintenance,Preventive maintenance,Central Service Center,Field Operations,V. Hall,Phone,16,34.43,No,,2026-08-11T05:56:15.984483Z,Contact Center
SR-101193,2026-08-10T08:16:00.306908Z,2026-08-11T01:31:11.918544Z,Closed,High,Delivery & Fulfillment,Address correction,South Service Center,Customer Care,K. Johnson,Web,16,17.25,No,5,2026-08-11T01:31:11.918544Z,Contact Center
SR-101187,2026-08-10T10:48:35.211189Z,2026-08-10T14:41:47.005894Z,Closed,High,Account Access,Permission request,Central Service Center,Technical Support,M. Chen,Web,16,3.89,No,5,2026-08-10T14:41:47.005894Z,Service Portal
SR-101194,2026-08-10T11:36:24.176910Z,2026-08-11T05:54:58.877889Z,Closed,Normal,Delivery & Fulfillment,Damaged item,West Service Center,Customer Care,B. Martin,Email,48,18.31,No,4,2026-08-11T05:54:58.877889Z,Service Portal
SR-101185,2026-08-10T11:57:29.423928Z,2026-08-11T01:25:01.401736Z,Closed,Normal,Account Access,Identity verification,West Service Center,Technical Support,A. Patel,Web,48,13.46,No,4,2026-08-11T01:25:01.401736Z,Contact Center
SR-101188,2026-08-10T12:32:05.160313Z,2026-08-11T10:58:39.062118Z,Closed,Normal,Permit & Compliance,Application status,Remote,Compliance Services,O. Scott,Web,48,22.44,No,4,2026-08-11T10:58:39.062118Z,Service Portal
SR-101190,2026-08-10T13:55:42.340081Z,2026-08-12T05:54:39.445204Z,Closed,High,Permit & Compliance,Policy clarification,South Service Center,Compliance Services,I. Adams,Walk-in,16,39.98,No,4,2026-08-12T05:54:39.445204Z,Service Portal
SR-101189,2026-08-10T13:59:03.612978Z,2026-08-11T01:38:52.301291Z,Closed,High,Billing & Payments,Payment failure,North Service Center,Billing Operations,L. Moore,Walk-in,16,11.66,Yes,,2026-08-11T01:38:52.301291Z,Service Portal
SR-101192,2026-08-10T14:54:25.327569Z,2026-08-11T13:12:34.604789Z,Closed,Critical,Delivery & Fulfillment,Address correction,Remote,Customer Care,B. Martin,Mobile,4,22.30,No,4,2026-08-11T13:12:34.604789Z,Service Portal
SR-101186,2026-08-10T15:20:54.751944Z,2026-08-12T01:04:41.464900Z,Closed,Normal,Delivery & Fulfillment,Late delivery,Central Service Center,Customer Care,B. Martin,Web,48,33.73,Yes,,2026-08-12T01:04:41.464900Z,Contact Center
SR-101191,2026-08-10T17:08:50.095176Z,2026-08-13T02:39:28.520775Z,Closed,Low,Billing & Payments,Payment failure,Central Service Center,Billing Operations,L. Moore,Web,96,57.51,No,4,2026-08-13T02:39:28.520775Z,Service Portal
SR-101195,2026-08-11T08:39:16.290110Z,2026-08-12T23:33:46.197288Z,Closed,Low,Equipment & Maintenance,Replacement request,South Service Center,Field Operations,P. Garcia,Phone,96,38.91,No,5,2026-08-12T23:33:46.197288Z,Contact Center
SR-101196,2026-08-11T10:09:44.222624Z,2026-08-12T01:11:52.273702Z,Closed,Low,Account Access,Identity verification,Central Service Center,Technical Support,A. Patel,Walk-in,96,15.04,No,5,2026-08-12T01:11:52.273702Z,Service Portal
SR-101197,2026-08-11T10:17:41.486970Z,2026-08-13T08:34:21.811392Z,Closed,Normal,Billing & Payments,Refund request,South Service Center,Billing Operations,R. Williams,Web,48,46.28,No,5,2026-08-13T08:34:21.811392Z,Contact Center
SR-101203,2026-08-11T12:02:45.434889Z,2026-08-14T18:07:38.565744Z,Closed,Normal,Billing & Payments,Refund request,North Service Center,Billing Operations,C. Davis,Phone,48,78.08,No,2,2026-08-14T18:07:38.565744Z,Contact Center
SR-101205,2026-08-11T12:22:58.877343Z,2026-08-13T13:00:28.911058Z,Closed,Normal,Billing & Payments,Payment failure,South Service Center,Billing Operations,T. Nguyen,Web,48,48.63,No,3,2026-08-13T13:00:28.911058Z,Contact Center
SR-101207,2026-08-11T13:43:50.621341Z,2026-08-16T01:50:02.776070Z,Closed,Low,Equipment & Maintenance,Replacement request,Remote,Field Operations,V. Hall,Web,96,108.10,No,4,2026-08-16T01:50:02.776070Z,Contact Center
SR-101198,2026-08-11T14:54:03.933408Z,2026-08-13T08:44:15.698364Z,Closed,Normal,Delivery & Fulfillment,Late delivery,Central Service Center,Customer Care,D. Wilson,Mobile,48,41.84,No,5,2026-08-13T08:44:15.698364Z,Field App
SR-101200,2026-08-11T16:28:59.021485Z,2026-08-14T20:01:04.046907Z,Closed,Normal,Permit & Compliance,Policy clarification,North Service Center,Compliance Services,I. Adams,Email,48,75.53,No,4,2026-08-14T20:01:04.046907Z,Service Portal
SR-101206,2026-08-11T17:14:51.481487Z,2026-08-12T02:19:32.671443Z,Closed,Normal,Account Access,Permission request,West Service Center,Technical Support,J. Brooks,Web,48,9.08,No,4,2026-08-12T02:19:32.671443Z,Service Portal
SR-101199,2026-08-11T17:41:14.538945Z,2026-08-14T06:17:08.203232Z,Closed,Low,Permit & Compliance,Policy clarification,Remote,Compliance Services,I. Adams,Email,96,60.60,No,5,2026-08-14T06:17:08.203232Z,Contact Center
SR-101201,2026-08-11T18:20:02.311282Z,2026-08-13T09:02:40.343125Z,Closed,Low,Billing & Payments,Payment failure,South Service Center,Billing Operations,R. Williams,Email,96,38.71,No,3,2026-08-13T09:02:40.343125Z,Service Portal
SR-101208,2026-08-11T18:23:42.758046Z,2026-08-12T02:20:12.634921Z,Closed,Normal,Account Access,Identity verification,Remote,Technical Support,A. Patel,Mobile,48,7.94,No,,2026-08-12T02:20:12.634921Z,Service Portal
SR-101202,2026-08-11T19:08:41.539418Z,2026-08-14T14:20:49.877000Z,Closed,Normal,Billing & Payments,Refund request,West Service Center,Billing Operations,C. Davis,Web,48,67.20,No,3,2026-08-14T14:20:49.877000Z,Service Portal
SR-101204,2026-08-11T20:07:34.502927Z,2026-08-14T00:00:13.698440Z,Closed,Normal,Billing & Payments,Refund request,South Service Center,Billing Operations,L. Moore,Walk-in,48,51.88,Yes,3,2026-08-14T00:00:13.698440Z,Contact Center
SR-101215,2026-08-12T07:32:34.312946Z,2026-08-13T09:30:34.185601Z,Closed,Normal,Account Access,Identity verification,South Service Center,Technical Support,J. Brooks,Web,48,25.97,No,4,2026-08-13T09:30:34.185601Z,Service Portal
SR-101221,2026-08-12T10:10:45.515986Z,2026-08-12T22:34:38.658383Z,Closed,Normal,Account Access,Password reset,West Service Center,Technical Support,J. Brooks,Email,48,12.40,No,4,2026-08-12T22:34:38.658383Z,Field App
SR-101220,2026-08-12T12:15:20.551086Z,2026-08-15T09:12:26.082329Z,Closed,High,Billing & Payments,Payment failure,South Service Center,Billing Operations,C. Davis,Walk-in,16,68.95,No,4,2026-08-15T09:12:26.082329Z,Service Portal
SR-101216,2026-08-12T13:58:32.853826Z,2026-08-14T15:01:34.959160Z,Closed,Normal,Billing & Payments,Payment failure,South Service Center,Billing Operations,C. Davis,Walk-in,48,49.05,No,3,2026-08-14T15:01:34.959160Z,Contact Center
SR-101210,2026-08-12T14:02:01.445337Z,2026-08-12T18:30:11.119867Z,Closed,High,Account Access,Password reset,Remote,Technical Support,M. Chen,Mobile,16,4.47,No,4,2026-08-12T18:30:11.119867Z,Service Portal
SR-101214,2026-08-12T15:06:13.066938Z,2026-08-13T01:54:38.696560Z,Closed,Critical,Permit & Compliance,Documentation review,Central Service Center,Compliance Services,O. Scott,Phone,4,10.81,No,,2026-08-13T01:54:38.696560Z,Service Portal
SR-101212,2026-08-12T15:17:33.269436Z,2026-08-13T07:58:47.761270Z,Closed,Critical,Billing & Payments,Refund request,South Service Center,Billing Operations,L. Moore,Email,4,16.69,No,4,2026-08-13T07:58:47.761270Z,Service Portal
SR-101217,2026-08-12T15:32:33.061755Z,2026-08-12T21:04:44.784609Z,Closed,Normal,Account Access,Password reset,South Service Center,Technical Support,S. Rivera,Web,48,5.54,No,3,2026-08-12T21:04:44.784609Z,Field App
SR-101209,2026-08-12T15:33:51.521348Z,2026-08-16T03:16:12.887361Z,Closed,Normal,Billing & Payments,Refund request,South Service Center,Billing Operations,L. Moore,Email,48,83.71,No,4,2026-08-16T03:16:12.887361Z,Field App
SR-101213,2026-08-12T17:08:18.658561Z,2026-08-14T05:37:12.678349Z,Closed,Normal,Billing & Payments,Invoice question,Remote,Billing Operations,C. Davis,Web,48,36.48,No,5,2026-08-14T05:37:12.678349Z,Service Portal
SR-101219,2026-08-12T18:57:32.556207Z,2026-08-14T07:26:18.302629Z,Closed,Normal,Permit & Compliance,Application status,North Service Center,Compliance Services,I. Adams,Mobile,48,36.48,No,5,2026-08-14T07:26:18.302629Z,Service Portal
SR-101211,2026-08-12T20:27:29.669737Z,2026-08-15T21:20:34.439041Z,Closed,Normal,Billing & Payments,Refund request,South Service Center,Billing Operations,L. Moore,Phone,48,72.88,No,3,2026-08-15T21:20:34.439041Z,Service Portal
SR-101218,2026-08-12T20:28:24.706908Z,2026-08-13T13:45:15.830323Z,Closed,High,Billing & Payments,Refund request,South Service Center,Billing Operations,L. Moore,Web,16,17.28,No,,2026-08-13T13:45:15.830323Z,Field App
SR-101225,2026-08-13T07:35:47.350898Z,2026-08-15T18:15:24.385559Z,Closed,Normal,Equipment & Maintenance,Device repair,Remote,Field Operations,P. Garcia,Phone,48,58.66,No,,2026-08-15T18:15:24.385559Z,Service Portal
SR-101233,2026-08-13T08:38:34.208058Z,2026-08-16T12:34:45.591262Z,Closed,Normal,Permit & Compliance,Documentation review,South Service Center,Compliance Services,F. Wright,Phone,48,75.94,No,4,2026-08-16T12:34:45.591262Z,Contact Center
SR-101233,2026-08-13T08:38:34.208058Z,2026-08-16T12:34:45.591262Z,Closed,Normal,Permit & Compliance,Documentation review,South Service Center,Compliance Services,F. Wright,Phone,48,75.94,No,4,2026-08-23T12:13:13.474391Z,Contact Center
SR-101227,2026-08-13T10:24:43.012370Z,2026-08-15T15:25:06.339191Z,Closed,Normal,Billing & Payments,Payment failure,South Service Center,Billing Operations,T. Nguyen,Phone,48,53.01,No,,2026-08-15T15:25:06.339191Z,Service Portal
SR-101222,2026-08-13T11:47:14.008256Z,2026-08-15T15:51:09.437304Z,Closed,Normal,Permit & Compliance,Application status,Remote,Compliance Services,O. Scott,Mobile,48,52.07,No,,2026-08-15T15:51:09.437304Z,Service Portal
SR-101226,2026-08-13T13:44:57.452957Z,2026-08-17T19:38:47.807751Z,Closed,Normal,Billing & Payments,Payment failure,South Service Center,Billing Operations,R. Williams,Web,48,101.90,No,,2026-08-17T19:38:47.807751Z,Contact Center
SR-101231,2026-08-13T14:42:16.492776Z,2026-08-15T19:10:23.976553Z,Closed,Low,Billing & Payments,Payment failure,West Service Center,Billing Operations,L. Moore,Phone,96,52.47,No,4,2026-08-15T19:10:23.976553Z,Service Portal
SR-101229,2026-08-13T15:49:04.577724Z,2026-08-22T01:03:06.194576Z,Closed,High,Delivery & Fulfillment,Address correction,West Service Center,Customer Care,D. Wilson,Email,16,201.23,No,,2026-08-22T01:03:06.194576Z,Service Portal
SR-101228,2026-08-13T17:15:29.049171Z,2026-08-14T04:49:40.768048Z,Closed,Normal,Account Access,Permission request,Remote,Technical Support,J. Brooks,Web,48,11.57,No,4,2026-08-14T04:49:40.768048Z,Contact Center
SR-101230,2026-08-13T18:53:11.258006Z,2026-08-14T10:11:44.860571Z,Closed,Critical,Billing & Payments,Invoice question,Central Service Center,Billing Operations,R. Williams,Mobile,4,15.31,No,4,2026-08-14T10:11:44.860571Z,Service Portal
SR-101232,2026-08-13T19:35:21.145602Z,2026-08-15T15:55:47.499745Z,Closed,Normal,Billing & Payments,Refund request,South Service Center,Billing Operations,C. Davis,Mobile,48,44.34,No,4,2026-08-15T15:55:47.499745Z,Field App
SR-101223,2026-08-13T19:40:37.173165Z,,In Progress,Low,Equipment & Maintenance,Preventive maintenance,South Service Center,Field Operations,V. Hall,Phone,96,,No,,2026-08-14T11:38:00.703910Z,Contact Center
SR-101224,2026-08-13T20:25:19.832270Z,2026-08-16T01:00:25.675035Z,Closed,Low,Delivery & Fulfillment,Address correction,Remote,Customer Care,B. Martin,Web,96,52.58,No,5,2026-08-16T01:00:25.675035Z,Service Portal
SR-101238,2026-08-14T09:00:21.307661Z,2026-08-15T14:56:20.295737Z,Closed,Normal,Equipment & Maintenance,Device repair,Central Service Center,Field Operations,P. Garcia,Phone,48,29.93,No,,2026-08-15T14:56:20.295737Z,Service Portal
SR-101237,2026-08-14T09:05:17.880406Z,2026-08-16T10:17:11.228899Z,Closed,High,Billing & Payments,Payment failure,South Service Center,Billing Operations,L. Moore,Web,16,49.20,No,4,2026-08-16T10:17:11.228899Z,Service Portal
SR-101240,2026-08-14T09:58:51.476641Z,2026-08-16T16:10:44.528139Z,Closed,Low,Billing & Payments,Invoice question,South Service Center,Billing Operations,L. Moore,Email,96,54.20,No,,2026-08-16T16:10:44.528139Z,Service Portal
SR-101242,2026-08-14T10:21:03.095210Z,2026-08-17T14:41:41.335506Z,Closed,Normal,Permit & Compliance,Documentation review,Remote,Compliance Services,I. Adams,Web,48,76.34,No,3,2026-08-17T14:41:41.335506Z,Service Portal
SR-101239,2026-08-14T11:33:58.879154Z,2026-08-16T11:22:55.200313Z,Closed,Normal,Billing & Payments,Invoice question,South Service Center,Billing Operations,L. Moore,Walk-in,48,47.82,No,5,2026-08-16T11:22:55.200313Z,Field App
SR-101234,2026-08-14T12:30:32.692145Z,2026-08-17T02:03:11.117619Z,Closed,Normal,Equipment & Maintenance,Replacement request,North Service Center,Field Operations,N. Lewis,Email,48,61.54,No,,2026-08-17T02:03:11.117619Z,Contact Center
SR-101236,2026-08-14T13:17:37.736085Z,2026-08-17T09:54:41.205176Z,Closed,Normal,Permit & Compliance,Application status,South Service Center,Compliance Services,O. Scott,Email,0,68.62,No,,2026-08-17T09:54:41.205176Z,Contact Center
SR-101241,2026-08-14T15:15:27.691275Z,2026-08-16T00:33:32.254309Z,Closed,Normal,Billing & Payments,Invoice question,South Service Center,Billing Operations,T. Nguyen,Mobile,48,33.30,No,4,2026-08-16T00:33:32.254309Z,Contact Center
SR-101235,2026-08-14T17:39:29.849297Z,2026-08-16T08:06:16.067012Z,Closed,High,Permit & Compliance,Documentation review,West Service Center,Compliance Services,O. Scott,Email,16,38.45,No,3,2026-08-16T08:06:16.067012Z,Contact Center
SR-101243,2026-08-14T18:38:59.052069Z,2026-08-19T18:24:20.824283Z,Closed,Normal,Billing & Payments,Refund request,South Service Center,Billing Operations,T. Nguyen,Email,48,119.76,No,2,2026-08-19T18:24:20.824283Z,Service Portal
SR-101246,2026-08-15T07:50:14.924793Z,,In Progress,Low,Equipment & Maintenance,Replacement request,Remote,Field Operations,P. Garcia,Phone,96,,No,,2026-08-16T12:00:45.101058Z,Service Portal
SR-101247,2026-08-15T08:27:20.867936Z,2026-08-19T02:08:59.649092Z,Closed,Normal,Equipment & Maintenance,Preventive maintenance,South Service Center,Field Operations,H. Clark,Email,48,89.69,No,4,2026-08-19T02:08:59.649092Z,Service Portal
SR-101249,2026-08-15T08:51:21.267094Z,2026-08-15T23:23:54.778676Z,Closed,Normal,Delivery & Fulfillment,Late delivery,Central Service Center,Customer Care,D. Wilson,Web,48,14.54,No,,2026-08-15T23:23:54.778676Z,Service Portal
SR-101250,2026-08-15T09:16:28.526531Z,2026-08-18T08:50:10.808734Z,Closed,Normal,Billing & Payments,Payment failure,South Service Center,Billing Operations,R. Williams,Web,48,71.56,No,4,2026-08-18T08:50:10.808734Z,Service Portal
SR-101245,2026-08-15T11:55:16.689594Z,2026-08-17T13:07:09.831605Z,Closed,High,Billing & Payments,Payment failure,Central Service Center,Billing Operations,T. Nguyen,Web,16,49.20,No,3,2026-08-17T13:07:09.831605Z,Service Portal
SR-101248,2026-08-15T13:41:29.490199Z,2026-08-16T16:48:37.399787Z,Closed,High,Billing & Payments,Refund request,South Service Center,Billing Operations,L. Moore,Web,16,27.12,No,,2026-08-16T16:48:37.399787Z,Field App
SR-101253,2026-08-15T14:38:00.540334Z,2026-08-16T10:05:01.774023Z,Closed,Critical,Billing & Payments,Invoice question,South Service Center,Billing Operations,C. Davis,Phone,4,19.45,No,4,2026-08-16T10:05:01.774023Z,Field App
SR-101251,2026-08-15T14:55:33.461181Z,2026-08-17T09:43:20.333347Z,Closed,Normal,Permit & Compliance,Policy clarification,South Service Center,Compliance Services,I. Adams,Phone,48,42.80,No,5,2026-08-17T09:43:20.333347Z,Field App
SR-101252,2026-08-15T16:01:15.212130Z,2026-08-16T04:43:32.673364Z,Closed,Critical,Delivery & Fulfillment,Late delivery,Central Service Center,Customer Care,K. Johnson,Walk-in,4,12.70,No,3,2026-08-16T04:43:32.673364Z,Service Portal
SR-101244,2026-08-15T16:50:27.137334Z,2026-08-16T05:57:39.469904Z,Closed,Normal,General Inquiry,Feedback,Central Service Center,Customer Care,D. Wilson,Phone,48,13.12,No,3,2026-08-16T05:57:39.469904Z,Field App
SR-101257,2026-08-16T08:20:25.598960Z,2026-08-18T03:43:02.994237Z,Closed,Normal,Delivery & Fulfillment,Late delivery,West Service Center,Customer Care,B. Martin,Walk-in,48,43.38,No,4,2026-08-18T03:43:02.994237Z,Contact Center
SR-101254,2026-08-16T09:47:42.953446Z,2026-08-18T21:14:50.119833Z,Closed,Normal,Billing & Payments,Refund request,South Service Center,Billing Operations,L. Moore,Phone,48,59.45,Yes,,2026-08-18T21:14:50.119833Z,Service Portal
SR-101255,2026-08-16T15:32:31.661562Z,2026-08-20T17:42:00.382663Z,Closed,Normal,Permit & Compliance,Policy clarification,Central Service Center,,G. Baker,Mobile,48,98.16,No,,2026-08-20T17:42:00.382663Z,Service Portal
SR-101258,2026-08-16T16:01:57.403059Z,2026-08-19T16:27:47.971652Z,Closed,Low,Billing & Payments,Refund request,South Service Center,Billing Operations,T. Nguyen,Email,96,72.43,No,,2026-08-19T16:27:47.971652Z,Field App
SR-101256,2026-08-16T16:36:45.285319Z,2026-08-17T03:31:10.582285Z,Closed,High,General Inquiry,Feedback,South Service Center,Customer Care,D. Wilson,Web,16,10.91,No,4,2026-08-17T03:31:10.582285Z,Contact Center
SR-101262,2026-08-17T08:04:14.276550Z,2026-08-19T14:39:06.112528Z,Closed,Normal,Billing & Payments,Payment failure,South Service Center,Billing Operations,T. Nguyen,Web,48,54.58,Yes,3,2026-08-19T14:39:06.112528Z,Service Portal
SR-101259,2026-08-17T08:25:31.778869Z,2026-08-17T16:25:04.261272Z,Closed,Normal,Account Access,Permission request,West Service Center,Technical Support,M. Chen,Mobile,48,7.99,Yes,4,2026-08-17T16:25:04.261272Z,Contact Center
SR-101264,2026-08-17T08:47:36.533314Z,2026-08-18T03:45:20.042513Z,Closed,Normal,General Inquiry,Feedback,West Service Center,Customer Care,D. Wilson,Web,48,18.96,No,,2026-08-18T03:45:20.042513Z,Service Portal
SR-101267,2026-08-17T09:55:56.472106Z,2026-08-20T16:47:26.835848Z,Closed,Normal,Equipment & Maintenance,Preventive maintenance,Central Service Center,Field Operations,N. Lewis,Email,48,78.86,No,3,2026-08-20T16:47:26.835848Z,Contact Center
SR-101268,2026-08-17T10:28:06.777161Z,2026-08-19T10:22:52.641645Z,Closed,Normal,Billing & Payments,Payment failure,West Service Center,Billing Operations,T. Nguyen,Web,48,47.91,No,,2026-08-19T10:22:52.641645Z,Contact Center
SR-101263,2026-08-17T11:00:00.032863Z,2026-08-17T08:00:00.032863Z,Closed,High,Equipment & Maintenance,Device repair,Central Service Center,Field Operations,V. Hall,Web,16,-3,No,4,2026-08-19T00:46:52.343503Z,Field App
SR-101269,2026-08-17T13:30:06.942980Z,2026-08-20T20:53:52.572488Z,Closed,Normal,Billing & Payments,Invoice question,South Service Center,Billing Operations,T. Nguyen,Email,48,79.40,No,3,2026-08-20T20:53:52.572488Z,Field App
SR-101266,2026-08-17T16:13:28.416667Z,2026-08-18T00:20:17.003314Z,Closed,High,Account Access,Identity verification,West Service Center,Technical Support,A. Patel,Phone,16,8.11,No,4,2026-08-18T00:20:17.003314Z,Service Portal
SR-101261,2026-08-17T18:31:39.137849Z,2026-08-18T19:53:56.224617Z,Closed,Normal,Delivery & Fulfillment,Damaged item,North Service Center,Customer Care,D. Wilson,Web,48,25.37,No,5,2026-08-18T19:53:56.224617Z,Service Portal
SR-101265,2026-08-17T19:33:42.243510Z,2026-08-20T13:30:15.509880Z,Closed,Normal,Equipment & Maintenance,Device repair,South Service Center,Field Operations,H. Clark,Mobile,48,65.94,No,4,2026-08-20T13:30:15.509880Z,Service Portal
SR-101260,2026-08-17T20:00:56.936847Z,,Pending Customer,Normal,Billing & Payments,Refund request,South Service Center,Billing Operations,C. Davis,Mobile,48,,No,,2026-08-20T01:55:38.557693Z,Service Portal
SR-101275,2026-08-18T07:50:52.717149Z,,Pending Customer,Low,Billing & Payments,Payment failure,South Service Center,Billing Operations,C. Davis,Web,96,,No,,2026-08-19T13:53:52.698376Z,Contact Center
SR-101274,2026-08-18T08:22:41.711768Z,2026-08-22T07:17:35.705036Z,Closed,Low,Equipment & Maintenance,Replacement request,North Service Center,Field Operations,H. Clark,Mobile,96,94.91,No,5,2026-08-22T07:17:35.705036Z,Service Portal
SR-101273,2026-08-18T09:43:05.665821Z,,Open,Normal,Billing & Payments,Refund request,South Service Center,Billing Operations,L. Moore,Web,48,,No,,2026-08-19T07:01:08.313920Z,Service Portal
SR-101278,2026-08-18T11:07:25.276660Z,2026-08-18T13:16:01.234904Z,Closed,Critical,Account Access,Password reset,Central Service Center,Technical Support,S. Rivera,Web,4,2.14,No,4,2026-08-18T13:16:01.234904Z,Service Portal
SR-101277,2026-08-18T11:53:08.253741Z,2026-08-18T21:24:53.888186Z,Closed,Normal,Account Access,Identity verification,Central Service Center,Technical Support,S. Rivera,Web,48,9.53,No,4,2026-08-18T21:24:53.888186Z,Service Portal
SR-101270,2026-08-18T14:26:14.262873Z,2026-08-20T08:04:12.223395Z,Closed,High,Billing & Payments,Refund request,West Service Center,Billing Operations,L. Moore,Web,16,41.63,No,2,2026-08-20T08:04:12.223395Z,Service Portal
SR-101271,2026-08-18T14:32:30.535915Z,2026-08-18T22:08:47.578629Z,Closed,Normal,Unmapped / Legacy,Identity verification,North Service Center,Technical Support,A. Patel,Walk-in,48,7.60,No,4,2026-08-18T22:08:47.578629Z,Service Portal
SR-101272,2026-08-18T14:42:50.009326Z,,In Progress,Normal,Billing & Payments,Payment failure,South Service Center,Billing Operations,C. Davis,Mobile,48,,No,,2026-08-19T21:16:15.622405Z,Service Portal
SR-101279,2026-08-18T14:52:17.183111Z,2026-08-22T11:29:15.463465Z,Closed,Low,Permit & Compliance,Application status,Central Service Center,Compliance Services,O. Scott,Phone,96,92.62,No,5,2026-08-22T11:29:15.463465Z,Contact Center
SR-101276,2026-08-18T19:07:32.602413Z,2026-08-23T06:37:39.196531Z,Closed,Normal,Billing & Payments,Invoice question,South Service Center,Billing Operations,R. Williams,Web,48,107.50,No,3,2026-08-23T06:37:39.196531Z,Contact Center
SR-101286,2026-08-19T07:56:51.507405Z,2026-08-20T23:10:31.807929Z,Closed,Normal,Delivery & Fulfillment,Address correction,Central Service Center,Customer Care,D. Wilson,Walk-in,48,39.23,No,5,2026-08-20T23:10:31.807929Z,Service Portal
SR-101280,2026-08-19T09:13:57.893296Z,2026-08-22T17:43:06.245846Z,Closed,Normal,Billing & Payments,Refund request,North Service Center,Billing Operations,C. Davis,Mobile,48,80.49,No,3,2026-08-22T17:43:06.245846Z,Contact Center
SR-101284,2026-08-19T11:03:02.425766Z,2026-08-19T21:08:18.384314Z,Closed,Normal,Account Access,Identity verification,South Service Center,Technical Support,J. Brooks,Web,48,10.09,No,4,2026-08-19T21:08:18.384314Z,Field App
SR-101282,2026-08-19T14:13:04.116925Z,2026-08-22T06:47:46.639949Z,Closed,Normal,Equipment & Maintenance,Preventive maintenance,North Service Center,Field Operations,V. Hall,Phone,48,64.58,No,4,2026-08-22T06:47:46.639949Z,Contact Center
SR-101283,2026-08-19T17:40:44.258960Z,,In Progress,High,Equipment & Maintenance,Preventive maintenance,North Service Center,Field Operations,H. Clark,Email,16,,No,,2026-08-20T10:19:03.091920Z,Service Portal
SR-101281,2026-08-19T19:01:24.717193Z,2026-08-20T02:00:14.201487Z,Closed,High,General Inquiry,Feedback,Central Service Center,Customer Care,D. Wilson,Web,16,6.98,No,5,2026-08-20T02:00:14.201487Z,Contact Center
SR-101285,2026-08-19T20:19:02.422385Z,2026-08-20T05:55:49.520495Z,Closed,Low,Account Access,Identity verification,Central Service Center,Technical Support,A. Patel,Email,96,9.61,No,5,2026-08-20T05:55:49.520495Z,Service Portal
SR-101289,2026-08-20T08:06:39.688199Z,2026-08-24T03:43:09.475447Z,Closed,Normal,Delivery & Fulfillment,Damaged item,Central Service Center,Customer Care,E. Thompson,Phone,48,91.61,No,4,2026-08-24T03:43:09.475447Z,Contact Center
SR-101297,2026-08-20T10:57:19.226399Z,,In Progress,High,Billing & Payments,Payment failure,South Service Center,Billing Operations,C. Davis,Email,16,,No,,2026-08-21T21:13:31.372099Z,Contact Center
SR-101298,2026-08-20T11:27:42.729448Z,2026-08-22T09:19:51.681410Z,Closed,Normal,Delivery & Fulfillment,Late delivery,Remote,Customer Care,D. Wilson,Walk-in,48,45.87,No,5,2026-08-22T09:19:51.681410Z,Contact Center
SR-101294,2026-08-20T12:06:16.426914Z,2026-08-24T03:01:07.745825Z,Closed,Low,Billing & Payments,Invoice question,South Service Center,Billing Operations,C. Davis,Web,96,86.91,Yes,4,2026-08-24T03:01:07.745825Z,Field App
SR-101288,2026-08-20T12:46:20.008612Z,2026-08-21T08:11:33.528029Z,Closed,High,Billing & Payments,Refund request,Central Service Center,Billing Operations,T. Nguyen,Web,16,19.42,No,4,2026-08-21T08:11:33.528029Z,Contact Center
SR-101292,2026-08-20T13:21:49.698468Z,2026-08-21T22:27:00.567923Z,Closed,Normal,Delivery & Fulfillment,Late delivery,North Service Center,Customer Care,E. Thompson,Email,48,33.09,No,,2026-08-21T22:27:00.567923Z,Field App
SR-101295,2026-08-20T14:57:55.701485Z,,Pending Customer,Low,Equipment & Maintenance,Replacement request,North Service Center,Field Operations,N. Lewis,Web,96,,No,,2026-08-20T21:47:40.516132Z,Service Portal
SR-101293,2026-08-20T16:00:41.388216Z,2026-08-21T04:33:19.411011Z,Closed,Normal,General Inquiry,Service information,West Service Center,Customer Care,E. Thompson,Mobile,48,12.54,No,3,2026-08-21T04:33:19.411011Z,Service Portal
SR-101290,2026-08-20T16:35:51.294708Z,2026-08-22T06:03:55.149176Z,Closed,Low,Delivery & Fulfillment,Late delivery,West Service Center,Customer Care,D. Wilson,Email,96,37.47,No,3,2026-08-22T06:03:55.149176Z,Service Portal
SR-101296,2026-08-20T19:30:05.436752Z,2026-08-22T02:47:49.474348Z,Closed,Normal,Billing & Payments,Payment failure,North Service Center,Billing Operations,R. Williams,Web,48,31.30,No,,2026-08-22T02:47:49.474348Z,Service Portal
SR-101287,2026-08-20T20:01:54.753672Z,2026-08-22T03:29:32.629462Z,Closed,Critical,Billing & Payments,Invoice question,South Service Center,Billing Operations,C. Davis,Phone,4,31.46,No,4,2026-08-22T03:29:32.629462Z,Service Portal
SR-101291,2026-08-20T20:21:02.271940Z,2026-08-21T19:12:46.489778Z,Closed,High,Delivery & Fulfillment,Late delivery,Remote,Customer Care,D. Wilson,Email,16,22.86,No,,2026-08-21T19:12:46.489778Z,Contact Center
SR-101313,2026-08-21T08:31:34.224171Z,2026-08-24T06:04:05.196034Z,Closed,High,Delivery & Fulfillment,Address correction,South Service Center,Customer Care,B. Martin,Walk-in,16,69.54,No,,2026-08-24T06:04:05.196034Z,Service Portal
SR-101314,2026-08-21T10:06:33.647945Z,2026-08-23T12:48:00.661661Z,Closed,High,Delivery & Fulfillment,Address correction,Central Service Center,Customer Care,E. Thompson,Email,16,50.69,No,4,2026-08-23T12:48:00.661661Z,Service Portal
SR-101300,2026-08-21T10:07:17.024290Z,2026-08-22T04:03:55.257941Z,Closed,High,Account Access,Password reset,West Service Center,Technical Support,M. Chen,Email,16,17.94,No,3,2026-08-22T04:03:55.257941Z,Service Portal
SR-101305,2026-08-21T13:37:19.494191Z,2026-08-23T01:54:19.607413Z,Closed,Normal,Delivery & Fulfillment,Late delivery,Central Service Center,Customer Care,D. Wilson,Email,48,36.28,No,4,2026-08-23T01:54:19.607413Z,Service Portal
SR-101308,2026-08-21T13:53:10.964086Z,2026-08-22T16:50:45.898955Z,Closed,Normal,Delivery & Fulfillment,Address correction,West Service Center,Customer Care,D. Wilson,Phone,48,26.96,No,4,2026-08-22T16:50:45.898955Z,Contact Center
SR-101316,2026-08-21T14:29:01.778282Z,2026-08-24T11:26:39.249254Z,Closed,High,Billing & Payments,Payment failure,South Service Center,Billing Operations,L. Moore,Email,16,68.96,No,3,2026-08-24T11:26:39.249254Z,Contact Center
SR-101318,2026-08-21T15:01:54.553030Z,,Open,Normal,Equipment & Maintenance,Preventive maintenance,Remote,Field Operations,H. Clark,Phone,48,,No,,2026-08-22T12:00:09.004986Z,Contact Center
SR-101310,2026-08-21T15:10:55.565860Z,2026-08-23T15:10:28.418847Z,Closed,High,Billing & Payments,Refund request,West Service Center,Billing Operations,L. Moore,Email,16,47.99,No,3,2026-08-23T15:10:28.418847Z,Service Portal
SR-101315,2026-08-21T15:31:50.327286Z,2026-08-23T10:55:49.404352Z,Closed,Low,Billing & Payments,Invoice question,South Service Center,Billing Operations,T. Nguyen,Mobile,96,43.40,No,4,2026-08-23T10:55:49.404352Z,Service Portal
SR-101304,2026-08-21T17:10:47.816227Z,2026-08-22T21:14:13.658850Z,Closed,High,Delivery & Fulfillment,Late delivery,Remote,Customer Care,D. Wilson,Walk-in,16,28.06,Yes,2,2026-08-22T21:14:13.658850Z,Field App
SR-101312,2026-08-21T17:25:49.648948Z,2026-08-23T10:49:50.705359Z,Closed,Normal,Billing & Payments,Invoice question,South Service Center,Billing Operations,L. Moore,Email,48,41.40,No,5,2026-08-23T10:49:50.705359Z,Service Portal
SR-101307,2026-08-21T17:25:57.286777Z,2026-08-23T05:20:21.731492Z,Closed,High,Billing & Payments,Payment failure,South Service Center,Billing Operations,R. Williams,Mobile,16,35.91,No,3,2026-08-23T05:20:21.731492Z,Service Portal
SR-101311,2026-08-21T17:44:30.876177Z,2026-08-22T05:23:07.635677Z,Closed,Normal,Account Access,Identity verification,North Service Center,Technical Support,M. Chen,Phone,48,11.64,No,3,2026-08-22T05:23:07.635677Z,Service Portal
SR-101301,2026-08-21T18:24:05.151667Z,,Open,Low,Permit & Compliance,Application status,West Service Center,Compliance Services,I. Adams,Phone,96,,No,,2026-08-23T22:35:37.251033Z,Service Portal
SR-101302,2026-08-21T18:40:00.695193Z,,In Progress,Low,Delivery & Fulfillment,Late delivery,South Service Center,Customer Care,E. Thompson,Mobile,96,,No,,2026-08-22T14:50:57.697823Z,Service Portal
SR-101306,2026-08-21T18:44:51.076435Z,2026-08-24T07:03:17.822471Z,Closed,Normal,Billing & Payments,Payment failure,South Service Center,Billing Operations,C. Davis,Web,48,60.31,No,,2026-08-24T07:03:17.822471Z,Service Portal
SR-101309,2026-08-21T18:48:53.034469Z,,Open,Normal,Billing & Payments,Refund request,West Service Center,Billing Operations,T. Nguyen,Phone,48,,No,,2026-08-23T14:57:43.429782Z,Field App
SR-101303,2026-08-21T19:04:21.575149Z,2026-08-23T07:33:30.035302Z,Closed,Normal,Billing & Payments,Invoice question,South Service Center,Billing Operations,C. Davis,Email,48,36.49,No,4,2026-08-23T07:33:30.035302Z,Service Portal
SR-101299,2026-08-21T19:14:29.991405Z,,Open,Low,Permit & Compliance,Application status,Central Service Center,Compliance Services,O. Scott,Web,96,,No,,2026-08-22T11:34:58.214669Z,Field App
SR-101317,2026-08-21T21:14:06.423482Z,2026-08-22T00:28:08.137814Z,Closed,Critical,Account Access,Permission request,West Service Center,Technical Support,J. Brooks,Email,4,3.23,No,5,2026-08-22T00:28:08.137814Z,Field App
SR-101325,2026-08-22T07:43:46.662532Z,2026-08-23T17:27:09.892477Z,Closed,High,Billing & Payments,Payment failure,South Service Center,Billing Operations,T. Nguyen,Mobile,16,33.72,No,3,2026-08-23T17:27:09.892477Z,Service Portal
SR-101329,2026-08-22T08:30:32.975753Z,,Pending Customer,High,Permit & Compliance,Application status,West Service Center,Compliance Services,F. Wright,Web,16,,No,,2026-08-22T17:43:54.719382Z,Service Portal
SR-101323,2026-08-22T08:51:40.617718Z,,In Progress,Normal,Billing & Payments,Invoice question,South Service Center,Billing Operations,C. Davis,Email,48,,No,,2026-08-23T10:33:25.645958Z,Service Portal
SR-101324,2026-08-22T10:04:04.794864Z,2026-08-23T22:33:36.052250Z,Closed,Normal,Equipment & Maintenance,Device repair,North Service Center,Field Operations,V. Hall,Mobile,48,36.49,No,5,2026-08-23T22:33:36.052250Z,Service Portal
SR-101327,2026-08-22T10:19:36.561273Z,2026-08-23T00:56:29.123139Z,Closed,Low,Account Access,Password reset,West Service Center,Technical Support,J. Brooks,Mobile,96,14.61,No,,2026-08-23T00:56:29.123139Z,Service Portal
SR-101320,2026-08-22T10:32:17.391242Z,2026-08-22T15:43:20.866684Z,Closed,Low,Account Access,Password reset,Remote,Technical Support,J. Brooks,Web,96,5.18,No,5,2026-08-22T15:43:20.866684Z,Field App
SR-101328,2026-08-22T11:24:53.039668Z,2026-08-23T07:59:44.778214Z,Closed,Low,Account Access,Permission request,North Service Center,Technical Support,J. Brooks,Mobile,96,20.58,No,4,2026-08-23T07:59:44.778214Z,Service Portal
SR-101326,2026-08-22T12:06:03.430212Z,,Open,Normal,Billing & Payments,Payment failure,North Service Center,Billing Operations,C. Davis,Web,48,,No,,2026-08-24T03:04:22.164874Z,Field App
SR-101319,2026-08-22T14:32:58.023449Z,2026-08-24T14:53:37.914816Z,Closed,Normal,Billing & Payments,Refund request,South Service Center,Billing Operations,R. Williams,Phone,48,48.34,No,,2026-08-24T14:53:37.914816Z,Service Portal
SR-101322,2026-08-22T15:13:20.680730Z,2026-08-23T08:03:02.614778Z,Closed,Normal,Account Access,Password reset,South Service Center,Technical Support,A. Patel,Email,48,16.83,No,5,2026-08-23T08:03:02.614778Z,Contact Center
SR-101331,2026-08-22T16:08:37.104113Z,2026-08-23T19:39:08.145503Z,Closed,Low,Billing & Payments,Refund request,South Service Center,Billing Operations,T. Nguyen,Phone,96,27.51,No,5,2026-08-23T19:39:08.145503Z,Service Portal
SR-101330,2026-08-22T20:04:36.201315Z,,In Progress,Low,Permit & Compliance,Policy clarification,Remote,Compliance Services,F. Wright,Web,96,,No,,2026-08-22T22:16:58.598726Z,Service Portal
SR-101321,2026-08-22T20:41:37.738912Z,,Pending Customer,Normal,Billing & Payments,Refund request,South Service Center,Billing Operations,R. Williams,Web,48,,No,,2026-08-24T00:23:36.304203Z,Field App
SR-101333,2026-08-23T08:09:29.374972Z,,In Progress,High,Delivery & Fulfillment,Damaged item,West Service Center,Customer Care,K. Johnson,Web,16,,No,,2026-08-23T22:55:22.025340Z,Contact Center
SR-101332,2026-08-23T09:13:50.449791Z,,In Progress,High,Permit & Compliance,Policy clarification,North Service Center,Compliance Services,F. Wright,Email,16,,No,,2026-08-24T17:02:54.099035Z,Contact Center
SR-101338,2026-08-23T10:37:55.854526Z,,In Progress,Normal,Billing & Payments,Refund request,South Service Center,Billing Operations,R. Williams,Email,48,,No,,2026-08-24T10:21:13.080933Z,Service Portal
SR-101337,2026-08-23T12:20:28.087288Z,,Open,Normal,Delivery & Fulfillment,Late delivery,South Service Center,Customer Care,K. Johnson,Web,48,,No,,2026-08-24T09:39:01.137768Z,Service Portal
SR-101336,2026-08-23T14:15:32.837965Z,,In Progress,Normal,Billing & Payments,Invoice question,South Service Center,Billing Operations,R. Williams,Web,48,,No,,2026-08-24T12:47:04.984767Z,Service Portal
SR-101339,2026-08-23T17:01:00.920152Z,,In Progress,Normal,Equipment & Maintenance,Preventive maintenance,South Service Center,Field Operations,V. Hall,Phone,48,,No,,2026-08-23T18:14:31.797998Z,Service Portal
SR-101334,2026-08-23T17:24:59.618284Z,2026-08-24T11:08:54.533953Z,Closed,High,Delivery & Fulfillment,Address correction,South Service Center,Customer Care,B. Martin,Web,16,17.73,No,3,2026-08-24T11:08:54.533953Z,Service Portal
SR-101335,2026-08-23T17:51:57.624061Z,,In Progress,Normal,Equipment & Maintenance,Device repair,Central Service Center,Field Operations,P. Garcia,Web,48,,No,,2026-08-24T16:49:47.876369Z,Contact Center
SR-101344,2026-08-24T11:44:50.022851Z,,Open,Normal,Delivery & Fulfillment,Damaged item,West Service Center,Customer Care,B. Martin,Web,48,,No,,2026-08-24T15:42:12.078025Z,Service Portal
SR-101342,2026-08-24T13:57:03.492959Z,,In Progress,Normal,General Inquiry,Status request,Remote,Customer Care,B. Martin,Web,48,,No,,2026-08-24T15:03:09.536856Z,Service Portal
SR-101340,2026-08-24T14:48:03.907805Z,,Pending Customer,Normal,Billing & Payments,Refund request,South Service Center,Billing Operations,R. Williams,Walk-in,48,,No,,2026-08-24T17:55:45.284993Z,Field App
SR-101341,2026-08-24T14:59:17.240200Z,,Open,Normal,Billing & Payments,Payment failure,South Service Center,Billing Operations,R. Williams,Phone,48,,No,,2026-08-24T16:50:22.485374Z,Service Portal
SR-101343,2026-08-24T16:38:42.359289Z,,In Progress,Normal,Equipment & Maintenance,Preventive maintenance,Central Service Center,Field Operations,H. Clark,Web,48,,No,,2026-08-24T18:00:00Z,Service Portal
SR-101346,2026-08-24T16:57:32.980937Z,,In Progress,Normal,Billing & Payments,Invoice question,South Service Center,Billing Operations,C. Davis,Email,48,,No,,2026-08-24T18:00:00Z,Service Portal
SR-101345,2026-08-24T17:59:11.243199Z,,Open,Normal,Account Access,Identity verification,Central Service Center,Technical Support,J. Brooks,Web,48,,No,,2026-08-24T18:00:00Z,Service Portal
